timeStamp,elapsed,label,responseCode,responseMessage,threadName,dataType,success,failureMessage,bytes,sentBytes,grpThreads,allThreads,URL,Latency,IdleTime,Connect
1787375992491,55,PUT /community/post/{id}/like,200,,Like Thread Group 1-1,text,true,,231,234,1,1,http://localhost:9002/community/post/4/like,50,0,41
1787375992551,2,PUT /community/post/{id}/like,200,,Like Thread Group 1-1,text,true,,231,235,1,1,http://localhost:9002/community/post/56/like,2,0,0
1787375992554,3,PUT /community/post/{id}/like,200,,Like Thread Group 1-1,text,true,,231,235,1,1,http://localhost:9002/community/post/75/like,3,0,0
1787375992558,2,PUT /community/post/{id}/like,200,,Like Thread Group 1-1,text,true,,231,235,1,1,http://localhost:9002/community/post/17/like,2,0,0
1787375992561,3,PUT /community/post/{id}/like,200,,Like Thread Group 1-1,text,true,,231,235,1,1,http://localhost:9002/community/post/92/like,3,0,0
1787375992565,3,PUT /community/post/{id}/like,200,,Like Thread Group 1-1,text,true,,231,235,1,1,http://localhost:9002/community/post/82/like,2,0,0
1787375992569,2,PUT /community/post/{id}/like,200,,Like Thread Group 1-1,text,true,,231,235,1,1,http://localhost:9002/community/post/87/like,2,0,0
1787375992572,2,PUT /community/post/{id}/like,200,,Like Thread Group 1-1,text,true,,231,235,1,1,http://localhost:9002/community/post/98/like,2,0,0
1787375992575,3,PUT /community/post/{id}/like,200,,Like Thread Group 1-1,text,true,,231,234,1,1,http://localhost:9002/community/post/7/like,3,0,0
1787375992578,3,PUT /community/post/{id}/like,200,,Like Thread Group 1-1,text,true,,231,235,1,1,http://localhost:9002/community/post/71/like,3,0,0
1787375992582,3,PUT /community/post/{id}/like,200,,Like Thread Group 1-1,text,true,,231,235,1,1,http://localhost:9002/community/post/79/like,2,0,0
1787375992586,2,PUT /community/post/{id}/like,200,,Like Thread Group 1-1,text,true,,231,235,1,1,http://localhost:9002/community/post/82/like,2,0,0
1787375992589,2,PUT /community/post/{id}/like,200,,Like Thread Group 1-1,text,true,,231,235,1,1,http://localhost:9002/community/post/24/like,2,0,0
1787375992592,3,PUT /community/post/{id}/like,200,,Like Thread Group 1-1,text,true,,231,235,1,1,http://localhost:9002/community/post/85/like,2,0,0
1787375992595,4,PUT /community/post/{id}/like,200,,Like Thread Group 1-1,text,true,,231,235,1,1,http://localhost:9002/community/post/74/like,4,0,0
1787375992599,2,PUT /community/post/{id}/like,200,,Like Thread Group 1-1,text,true,,231,235,1,1,http://localhost:9002/community/post/60/like,2,0,0
1787375992602,3,PUT /community/post/{id}/like,200,,Like Thread Group 1-1,text,true,,231,235,1,1,http://localhost:9002/community/post/49/like,3,0,0
1787375992606,2,PUT /community/post/{id}/like,200,,Like Thread Group 1-1,text,true,,231,235,1,1,http://localhost:9002/community/post/68/like,2,0,0
1787375992609,3,PUT /community/post/{id}/like,200,,Like Thread Group 1-1,text,true,,231,235,1,1,http://localhost:9002/community/post/32/like,2,0,0
1787375992613,2,PUT /community/post/{id}/like,200,,Like Thread Group 1-1,text,true,,231,234,1,1,http://localhost:9002/community/post/7/like,2,0,0
1787375992616,2,PUT /community/post/{id}/like,200,,Like Thread Group 1-1,text,true,,231,235,1,1,http://localhost:9002/community/post/59/like,2,0,0
1787375992619,2,PUT /community/post/{id}/like,200,,Like Thread Group 1-1,text,true,,231,235,1,1,http://localhost:9002/community/post/36/like,2,0,0
1787375992622,2,PUT /community/post/{id}/like,200,,Like Thread Group 1-1,text,true,,231,234,1,1,http://localhost:9002/community/post/7/like,2,0,0
1787375992625,3,PUT /community/post/{id}/like,200,,Like Thread Group 1-1,text,true,,231,235,1,1,http://localhost:9002/community/post/63/like,2,0,0
1787375992628,3,PUT /community/post/{id}/like,200,,Like Thread Group 1-1,text,true,,231,235,1,1,http://localhost:9002/community/post/95/like,3,0,0
1787375992631,3,PUT /community/post/{id}/like,200,,Like Thread Group 1-1,text,true,,231,235,1,1,http://localhost:9002/community/post/32/like,3,0,0
1787375992635,2,PUT /community/post/{id}/like,200,,Like Thread Group 1-1,text,true,,231,235,1,1,http://localhost:9002/community/post/92/like,2,0,0
1787375992638,2,PUT /community/post/{id}/like,200,,Like Thread Group 1-1,text,true,,231,235,1,1,http://localhost:9002/community/post/44/like,2,0,0
1787375992640,2,PUT /community/post/{id}/like,200,,Like Thread Group 1-1,text,true,,231,235,1,1,http://localhost:9002/community/post/40/like,2,0,0
1787375992643,3,PUT /community/post/{id}/like,200,,Like Thread Group 1-1,text,true,,231,235,1,1,http://localhost:9002/community/post/76/like,3,0,0
1787375992646,2,PUT /community/post/{id}/like,200,,Like Thread Group 1-1,text,true,,231,235,1,1,http://localhost:9002/community/post/33/like,2,0,0
1787375992650,3,PUT /community/post/{id}/like,200,,Like Thread Group 1-1,text,true,,231,235,1,1,http://localhost:9002/community/post/94/like,3,0,0
1787375992654,3,PUT /community/post/{id}/like,200,,Like Thread Group 1-1,text,true,,231,235,1,1,http://localhost:9002/community/post/45/like,3,0,0
1787375992657,3,PUT /community/post/{id}/like,200,,Like Thread Group 1-1,text,true,,231,235,1,1,http://localhost:9002/community/post/43/like,3,0,0
1787375992660,2,PUT /community/post/{id}/like,200,,Like Thread Group 1-1,text,true,,231,235,1,1,http://localhost:9002/community/post/22/like,2,0,0
1787375992663,2,PUT /community/post/{id}/like,200,,Like Thread Group 1-1,text,true,,231,235,1,1,http://localhost:9002/community/post/12/like,2,0,0
1787375992665,2,PUT /community/post/{id}/like,200,,Like Thread Group 1-1,text,true,,231,235,1,1,http://localhost:9002/community/post/67/like,2,0,0
1787375992668,2,PUT /community/post/{id}/like,200,,Like Thread Group 1-1,text,true,,231,235,1,1,http://localhost:9002/community/post/43/like,2,0,0
1787375992671,2,PUT /community/post/{id}/like,200,,Like Thread Group 1-1,text,true,,231,235,1,1,http://localhost:9002/community/post/82/like,2,0,0
1787375992674,2,PUT /community/post/{id}/like,200,,Like Thread Group 1-1,text,true,,231,235,1,1,http://localhost:9002/community/post/96/like,2,0,0
1787375992676,3,PUT /community/post/{id}/like,200,,Like Thread Group 1-1,text,true,,231,235,1,1,http://localhost:9002/community/post/99/like,3,0,0
1787375992680,2,PUT /community/post/{id}/like,200,,Like Thread Group 1-1,text,true,,231,234,1,1,http://localhost:9002/community/post/5/like,1,0,0
1787375992682,3,PUT /community/post/{id}/like,200,,Like Thread Group 1-1,text,true,,231,234,1,1,http://localhost:9002/community/post/7/like,3,0,0
1787375992686,2,PUT /community/post/{id}/like,200,,Like Thread Group 1-1,text,true,,231,235,1,1,http://localhost:9002/community/post/82/like,2,0,0
1787375992689,2,PUT /community/post/{id}/like,200,,Like Thread Group 1-1,text,true,,231,234,1,1,http://localhost:9002/community/post/9/like,2,0,0
1787375992691,3,PUT /community/post/{id}/like,200,,Like Thread Group 1-1,text,true,,231,235,1,1,http://localhost:9002/community/post/75/like,3,0,0
1787375992695,2,PUT /community/post/{id}/like,200,,Like Thread Group 1-1,text,true,,231,235,1,1,http://localhost:9002/community/post/85/like,2,0,0
1787375992697,3,PUT /community/post/{id}/like,200,,Like Thread Group 1-1,text,true,,231,235,1,1,http://localhost:9002/community/post/17/like,3,0,0
1787375992701,2,PUT /community/post/{id}/like,200,,Like Thread Group 1-1,text,true,,231,235,1,1,http://localhost:9002/community/post/75/like,2,0,0
1787375992704,2,PUT /community/post/{id}/like,200,,Like Thread Group 1-1,text,true,,231,235,1,1,http://localhost:9002/community/post/81/like,2,0,0
1787375992882,3,PUT /community/post/{id}/like,200,,Like Thread Group 1-2,text,true,,231,235,1,1,http://localhost:9002/community/post/18/like,3,0,1
1787375992886,2,PUT /community/post/{id}/like,200,,Like Thread Group 1-2,text,true,,231,236,1,1,http://localhost:9002/community/post/100/like,2,0,0
1787375992889,2,PUT /community/post/{id}/like,200,,Like Thread Group 1-2,text,true,,231,235,1,1,http://localhost:9002/community/post/70/like,2,0,0
1787375992891,2,PUT /community/post/{id}/like,200,,Like Thread Group 1-2,text,true,,231,234,1,1,http://localhost:9002/community/post/3/like,2,0,0
1787375992894,2,PUT /community/post/{id}/like,200,,Like Thread Group 1-2,text,true,,231,235,1,1,http://localhost:9002/community/post/69/like,2,0,0
1787375992897,2,PUT /community/post/{id}/like,200,,Like Thread Group 1-2,text,true,,231,235,1,1,http://localhost:9002/community/post/78/like,2,0,0
1787375992900,2,PUT /community/post/{id}/like,200,,Like Thread Group 1-2,text,true,,231,235,1,1,http://localhost:9002/community/post/92/like,2,0,0
1787375992903,2,PUT /community/post/{id}/like,200,,Like Thread Group 1-2,text,true,,231,235,1,1,http://localhost:9002/community/post/48/like,2,0,0
1787375992906,2,PUT /community/post/{id}/like,200,,Like Thread Group 1-2,text,true,,231,235,1,1,http://localhost:9002/community/post/64/like,2,0,0
1787375992908,3,PUT /community/post/{id}/like,200,,Like Thread Group 1-2,text,true,,231,235,1,1,http://localhost:9002/community/post/28/like,2,0,0
1787375992911,2,PUT /community/post/{id}/like,200,,Like Thread Group 1-2,text,true,,231,235,1,1,http://localhost:9002/community/post/32/like,2,0,0
1787375992914,2,PUT /community/post/{id}/like,200,,Like Thread Group 1-2,text,true,,231,235,1,1,http://localhost:9002/community/post/18/like,2,0,0
1787375992917,2,PUT /community/post/{id}/like,200,,Like Thread Group 1-2,text,true,,231,235,1,1,http://localhost:9002/community/post/39/like,2,0,0
1787375992920,2,PUT /community/post/{id}/like,200,,Like Thread Group 1-2,text,true,,231,235,1,1,http://localhost:9002/community/post/26/like,2,0,0
1787375992923,2,PUT /community/post/{id}/like,200,,Like Thread Group 1-2,text,true,,231,235,1,1,http://localhost:9002/community/post/16/like,2,0,0
1787375992925,3,PUT /community/post/{id}/like,200,,Like Thread Group 1-2,text,true,,231,235,1,1,http://localhost:9002/community/post/13/like,3,0,0
1787375992928,2,PUT /community/post/{id}/like,200,,Like Thread Group 1-2,text,true,,231,235,1,1,http://localhost:9002/community/post/77/like,2,0,0
1787375992931,2,PUT /community/post/{id}/like,200,,Like Thread Group 1-2,text,true,,231,235,1,1,http://localhost:9002/community/post/80/like,2,0,0
1787375992934,6,PUT /community/post/{id}/like,200,,Like Thread Group 1-2,text,true,,231,235,1,1,http://localhost:9002/community/post/26/like,6,0,0
1787375992941,2,PUT /community/post/{id}/like,200,,Like Thread Group 1-2,text,true,,231,234,1,1,http://localhost:9002/community/post/5/like,2,0,0
1787375992944,4,PUT /community/post/{id}/like,200,,Like Thread Group 1-2,text,true,,231,235,1,1,http://localhost:9002/community/post/13/like,3,0,0
1787375992948,3,PUT /community/post/{id}/like,200,,Like Thread Group 1-2,text,true,,231,235,1,1,http://localhost:9002/community/post/97/like,3,0,0
1787375992952,2,PUT /community/post/{id}/like,200,,Like Thread Group 1-2,text,true,,231,235,1,1,http://localhost:9002/community/post/39/like,2,0,0
1787375992955,2,PUT /community/post/{id}/like,200,,Like Thread Group 1-2,text,true,,231,235,1,1,http://localhost:9002/community/post/65/like,2,0,0
1787375992958,3,PUT /community/post/{id}/like,200,,Like Thread Group 1-2,text,true,,231,235,1,1,http://localhost:9002/community/post/32/like,3,0,0
1787375992962,3,PUT /community/post/{id}/like,200,,Like Thread Group 1-2,text,true,,231,235,1,1,http://localhost:9002/community/post/72/like,3,0,0
1787375992966,2,PUT /community/post/{id}/like,200,,Like Thread Group 1-2,text,true,,231,235,1,1,http://localhost:9002/community/post/89/like,2,0,0
1787375992969,2,PUT /community/post/{id}/like,200,,Like Thread Group 1-2,text,true,,231,234,1,1,http://localhost:9002/community/post/2/like,2,0,0
1787375992972,2,PUT /community/post/{id}/like,200,,Like Thread Group 1-2,text,true,,231,235,1,1,http://localhost:9002/community/post/93/like,2,0,0
1787375992974,3,PUT /community/post/{id}/like,200,,Like Thread Group 1-2,text,true,,231,235,1,1,http://localhost:9002/community/post/68/like,3,0,0
1787375992978,8,PUT /community/post/{id}/like,200,,Like Thread Group 1-2,text,true,,231,235,1,1,http://localhost:9002/community/post/61/like,8,0,0
1787375992986,3,PUT /community/post/{id}/like,200,,Like Thread Group 1-2,text,true,,231,235,1,1,http://localhost:9002/community/post/90/like,3,0,0
1787375992989,3,PUT /community/post/{id}/like,200,,Like Thread Group 1-2,text,true,,231,235,1,1,http://localhost:9002/community/post/45/like,3,0,0
1787375992992,3,PUT /community/post/{id}/like,200,,Like Thread Group 1-2,text,true,,231,235,1,1,http://localhost:9002/community/post/68/like,3,0,0
1787375992996,3,PUT /community/post/{id}/like,200,,Like Thread Group 1-2,text,true,,231,235,1,1,http://localhost:9002/community/post/88/like,3,0,0
1787375993000,2,PUT /community/post/{id}/like,200,,Like Thread Group 1-2,text,true,,231,234,1,1,http://localhost:9002/community/post/7/like,2,0,0
1787375993003,2,PUT /community/post/{id}/like,200,,Like Thread Group 1-2,text,true,,231,235,1,1,http://localhost:9002/community/post/13/like,2,0,0
1787375993005,3,PUT /community/post/{id}/like,200,,Like Thread Group 1-2,text,true,,231,235,1,1,http://localhost:9002/community/post/81/like,2,0,0
1787375993009,2,PUT /community/post/{id}/like,200,,Like Thread Group 1-2,text,true,,231,234,1,1,http://localhost:9002/community/post/6/like,2,0,0
1787375993012,2,PUT /community/post/{id}/like,200,,Like Thread Group 1-2,text,true,,231,235,1,1,http://localhost:9002/community/post/21/like,2,0,0
1787375993014,3,PUT /community/post/{id}/like,200,,Like Thread Group 1-2,text,true,,231,235,1,1,http://localhost:9002/community/post/42/like,3,0,0
1787375993017,2,PUT /community/post/{id}/like,200,,Like Thread Group 1-2,text,true,,231,235,1,1,http://localhost:9002/community/post/29/like,2,0,0
1787375993020,2,PUT /community/post/{id}/like,200,,Like Thread Group 1-2,text,true,,231,235,1,1,http://localhost:9002/community/post/47/like,2,0,0
1787375993023,2,PUT /community/post/{id}/like,200,,Like Thread Group 1-2,text,true,,231,235,1,1,http://localhost:9002/community/post/14/like,2,0,0
1787375993025,2,PUT /community/post/{id}/like,200,,Like Thread Group 1-2,text,true,,231,235,1,1,http://localhost:9002/community/post/28/like,2,0,0
1787375993028,2,PUT /community/post/{id}/like,200,,Like Thread Group 1-2,text,true,,231,235,1,1,http://localhost:9002/community/post/18/like,2,0,0
1787375993031,2,PUT /community/post/{id}/like,200,,Like Thread Group 1-2,text,true,,231,235,1,1,http://localhost:9002/community/post/24/like,2,0,0
1787375993034,2,PUT /community/post/{id}/like,200,,Like Thread Group 1-2,text,true,,231,235,1,1,http://localhost:9002/community/post/87/like,2,0,0
1787375993037,2,PUT /community/post/{id}/like,200,,Like Thread Group 1-2,text,true,,231,235,1,1,http://localhost:9002/community/post/26/like,2,0,0
1787375993039,3,PUT /community/post/{id}/like,200,,Like Thread Group 1-2,text,true,,231,235,1,1,http://localhost:9002/community/post/82/like,3,0,0
1787375993384,4,PUT /community/post/{id}/like,200,,Like Thread Group 1-3,text,true,,231,235,1,1,http://localhost:9002/community/post/97/like,3,0,1
1787375993388,3,PUT /community/post/{id}/like,200,,Like Thread Group 1-3,text,true,,231,235,1,1,http://localhost:9002/community/post/43/like,3,0,0
1787375993391,2,PUT /community/post/{id}/like,200,,Like Thread Group 1-3,text,true,,231,235,1,1,http://localhost:9002/community/post/98/like,2,0,0
1787375993394,4,PUT /community/post/{id}/like,200,,Like Thread Group 1-3,text,true,,231,235,1,1,http://localhost:9002/community/post/23/like,3,0,0
1787375993398,3,PUT /community/post/{id}/like,200,,Like Thread Group 1-3,text,true,,231,235,1,1,http://localhost:9002/community/post/26/like,3,0,0
1787375993401,3,PUT /community/post/{id}/like,200,,Like Thread Group 1-3,text,true,,231,235,1,1,http://localhost:9002/community/post/60/like,3,0,0
1787375993405,2,PUT /community/post/{id}/like,200,,Like Thread Group 1-3,text,true,,231,235,1,1,http://localhost:9002/community/post/26/like,2,0,0
1787375993408,2,PUT /community/post/{id}/like,200,,Like Thread Group 1-3,text,true,,231,235,1,1,http://localhost:9002/community/post/38/like,2,0,0
1787375993411,3,PUT /community/post/{id}/like,200,,Like Thread Group 1-3,text,true,,231,234,1,1,http://localhost:9002/community/post/2/like,2,0,0
1787375993414,2,PUT /community/post/{id}/like,200,,Like Thread Group 1-3,text,true,,231,235,1,1,http://localhost:9002/community/post/14/like,2,0,0
1787375993418,3,PUT /community/post/{id}/like,200,,Like Thread Group 1-3,text,true,,231,235,1,1,http://localhost:9002/community/post/67/like,3,0,0
1787375993421,3,PUT /community/post/{id}/like,200,,Like Thread Group 1-3,text,true,,231,235,1,1,http://localhost:9002/community/post/94/like,3,0,0
1787375993424,2,PUT /community/post/{id}/like,200,,Like Thread Group 1-3,text,true,,231,235,1,1,http://localhost:9002/community/post/76/like,2,0,0
1787375993427,2,PUT /community/post/{id}/like,200,,Like Thread Group 1-3,text,true,,231,235,1,1,http://localhost:9002/community/post/29/like,2,0,0
1787375993430,1,PUT /community/post/{id}/like,200,,Like Thread Group 1-3,text,true,,231,234,1,1,http://localhost:9002/community/post/2/like,1,0,0
1787375993432,2,PUT /community/post/{id}/like,200,,Like Thread Group 1-3,text,true,,231,235,1,1,http://localhost:9002/community/post/25/like,2,0,0
1787375993434,2,PUT /community/post/{id}/like,200,,Like Thread Group 1-3,text,true,,231,235,1,1,http://localhost:9002/community/post/93/like,2,0,0
1787375993437,2,PUT /community/post/{id}/like,200,,Like Thread Group 1-3,text,true,,231,235,1,1,http://localhost:9002/community/post/47/like,2,0,0
1787375993440,4,PUT /community/post/{id}/like,200,,Like Thread Group 1-3,text,true,,231,235,1,1,http://localhost:9002/community/post/11/like,4,0,0
1787375993444,4,PUT /community/post/{id}/like,200,,Like Thread Group 1-3,text,true,,231,235,1,1,http://localhost:9002/community/post/53/like,4,0,0
1787375993449,2,PUT /community/post/{id}/like,200,,Like Thread Group 1-3,text,true,,231,234,1,1,http://localhost:9002/community/post/4/like,2,0,0
1787375993452,4,PUT /community/post/{id}/like,200,,Like Thread Group 1-3,text,true,,231,235,1,1,http://localhost:9002/community/post/87/like,4,0,0
1787375993457,3,PUT /community/post/{id}/like,200,,Like Thread Group 1-3,text,true,,231,235,1,1,http://localhost:9002/community/post/94/like,3,0,0
1787375993460,3,PUT /community/post/{id}/like,200,,Like Thread Group 1-3,text,true,,231,235,1,1,http://localhost:9002/community/post/38/like,3,0,0
1787375993464,2,PUT /community/post/{id}/like,200,,Like Thread Group 1-3,text,true,,231,235,1,1,http://localhost:9002/community/post/76/like,2,0,0
1787375993466,2,PUT /community/post/{id}/like,200,,Like Thread Group 1-3,text,true,,231,235,1,1,http://localhost:9002/community/post/36/like,2,0,0
1787375993469,3,PUT /community/post/{id}/like,200,,Like Thread Group 1-3,text,true,,231,235,1,1,http://localhost:9002/community/post/44/like,3,0,0
1787375993473,4,PUT /community/post/{id}/like,200,,Like Thread Group 1-3,text,true,,231,235,1,1,http://localhost:9002/community/post/68/like,4,0,0
1787375993477,3,PUT /community/post/{id}/like,200,,Like Thread Group 1-3,text,true,,231,235,1,1,http://localhost:9002/community/post/25/like,3,0,0
1787375993480,3,PUT /community/post/{id}/like,200,,Like Thread Group 1-3,text,true,,231,234,1,1,http://localhost:9002/community/post/9/like,3,0,0
1787375993483,3,PUT /community/post/{id}/like,200,,Like Thread Group 1-3,text,true,,231,235,1,1,http://localhost:9002/community/post/51/like,3,0,0
1787375993486,2,PUT /community/post/{id}/like,200,,Like Thread Group 1-3,text,true,,231,235,1,1,http://localhost:9002/community/post/46/like,2,0,0
1787375993489,3,PUT /community/post/{id}/like,200,,Like Thread Group 1-3,text,true,,231,235,1,1,http://localhost:9002/community/post/59/like,3,0,0
1787375993492,2,PUT /community/post/{id}/like,200,,Like Thread Group 1-3,text,true,,231,235,1,1,http://localhost:9002/community/post/44/like,2,0,0
1787375993495,2,PUT /community/post/{id}/like,200,,Like Thread Group 1-3,text,true,,231,235,1,1,http://localhost:9002/community/post/61/like,2,0,0
1787375993497,2,PUT /community/post/{id}/like,200,,Like Thread Group 1-3,text,true,,231,235,1,1,http://localhost:9002/community/post/87/like,2,0,0
1787375993500,2,PUT /community/post/{id}/like,200,,Like Thread Group 1-3,text,true,,231,235,1,1,http://localhost:9002/community/post/95/like,2,0,0
1787375993503,2,PUT /community/post/{id}/like,200,,Like Thread Group 1-3,text,true,,231,235,1,1,http://localhost:9002/community/post/82/like,2,0,0
1787375993506,2,PUT /community/post/{id}/like,200,,Like Thread Group 1-3,text,true,,231,235,1,1,http://localhost:9002/community/post/43/like,2,0,0
1787375993509,2,PUT /community/post/{id}/like,200,,Like Thread Group 1-3,text,true,,231,235,1,1,http://localhost:9002/community/post/34/like,1,0,0
1787375993511,2,PUT /community/post/{id}/like,200,,Like Thread Group 1-3,text,true,,231,235,1,1,http://localhost:9002/community/post/15/like,2,0,0
1787375993513,3,PUT /community/post/{id}/like,200,,Like Thread Group 1-3,text,true,,231,235,1,1,http://localhost:9002/community/post/88/like,3,0,0
1787375993517,2,PUT /community/post/{id}/like,200,,Like Thread Group 1-3,text,true,,231,235,1,1,http://localhost:9002/community/post/35/like,2,0,0
1787375993519,2,PUT /community/post/{id}/like,200,,Like Thread Group 1-3,text,true,,231,235,1,1,http://localhost:9002/community/post/10/like,2,0,0
1787375993522,2,PUT /community/post/{id}/like,200,,Like Thread Group 1-3,text,true,,231,235,1,1,http://localhost:9002/community/post/41/like,2,0,0
1787375993525,2,PUT /community/post/{id}/like,200,,Like Thread Group 1-3,text,true,,231,235,1,1,http://localhost:9002/community/post/49/like,2,0,0
1787375993527,2,PUT /community/post/{id}/like,200,,Like Thread Group 1-3,text,true,,231,235,1,1,http://localhost:9002/community/post/83/like,2,0,0
1787375993530,1,PUT /community/post/{id}/like,200,,Like Thread Group 1-3,text,true,,231,235,1,1,http://localhost:9002/community/post/86/like,1,0,0
1787375993531,2,PUT /community/post/{id}/like,200,,Like Thread Group 1-3,text,true,,231,235,1,1,http://localhost:9002/community/post/33/like,2,0,0
1787375993533,1,PUT /community/post/{id}/like,200,,Like Thread Group 1-3,text,true,,231,235,1,1,http://localhost:9002/community/post/66/like,1,0,0
1787375993880,4,PUT /community/post/{id}/like,200,,Like Thread Group 1-4,text,true,,231,235,1,1,http://localhost:9002/community/post/26/like,4,0,1
1787375993885,2,PUT /community/post/{id}/like,200,,Like Thread Group 1-4,text,true,,231,235,1,1,http://localhost:9002/community/post/29/like,1,0,0
1787375993887,2,PUT /community/post/{id}/like,200,,Like Thread Group 1-4,text,true,,231,235,1,1,http://localhost:9002/community/post/91/like,2,0,0
1787375993890,2,PUT /community/post/{id}/like,200,,Like Thread Group 1-4,text,true,,231,235,1,1,http://localhost:9002/community/post/91/like,2,0,0
1787375993892,2,PUT /community/post/{id}/like,200,,Like Thread Group 1-4,text,true,,231,234,1,1,http://localhost:9002/community/post/8/like,2,0,0
1787375993895,2,PUT /community/post/{id}/like,200,,Like Thread Group 1-4,text,true,,231,235,1,1,http://localhost:9002/community/post/52/like,2,0,0
1787375993897,2,PUT /community/post/{id}/like,200,,Like Thread Group 1-4,text,true,,231,234,1,1,http://localhost:9002/community/post/3/like,2,0,0
1787375993900,2,PUT /community/post/{id}/like,200,,Like Thread Group 1-4,text,true,,231,235,1,1,http://localhost:9002/community/post/83/like,2,0,0
1787375993902,3,PUT /community/post/{id}/like,200,,Like Thread Group 1-4,text,true,,231,235,1,1,http://localhost:9002/community/post/17/like,3,0,0
1787375993906,2,PUT /community/post/{id}/like,200,,Like Thread Group 1-4,text,true,,231,235,1,1,http://localhost:9002/community/post/32/like,2,0,0
1787375993909,2,PUT /community/post/{id}/like,200,,Like Thread Group 1-4,text,true,,231,235,1,1,http://localhost:9002/community/post/47/like,2,0,0
1787375993912,2,PUT /community/post/{id}/like,200,,Like Thread Group 1-4,text,true,,231,235,1,1,http://localhost:9002/community/post/29/like,2,0,0
1787375993915,2,PUT /community/post/{id}/like,200,,Like Thread Group 1-4,text,true,,231,235,1,1,http://localhost:9002/community/post/63/like,2,0,0
1787375993917,2,PUT /community/post/{id}/like,200,,Like Thread Group 1-4,text,true,,231,235,1,1,http://localhost:9002/community/post/24/like,2,0,0
1787375993920,2,PUT /community/post/{id}/like,200,,Like Thread Group 1-4,text,true,,231,235,1,1,http://localhost:9002/community/post/72/like,2,0,0
1787375993922,2,PUT /community/post/{id}/like,200,,Like Thread Group 1-4,text,true,,231,235,1,1,http://localhost:9002/community/post/88/like,2,0,0
1787375993925,2,PUT /community/post/{id}/like,200,,Like Thread Group 1-4,text,true,,231,235,1,1,http://localhost:9002/community/post/61/like,2,0,0
1787375993927,2,PUT /community/post/{id}/like,200,,Like Thread Group 1-4,text,true,,231,236,1,1,http://localhost:9002/community/post/100/like,2,0,0
1787375993930,1,PUT /community/post/{id}/like,200,,Like Thread Group 1-4,text,true,,231,235,1,1,http://localhost:9002/community/post/29/like,1,0,0
1787375993932,2,PUT /community/post/{id}/like,200,,Like Thread Group 1-4,text,true,,231,236,1,1,http://localhost:9002/community/post/100/like,2,0,0
1787375993934,3,PUT /community/post/{id}/like,200,,Like Thread Group 1-4,text,true,,231,235,1,1,http://localhost:9002/community/post/95/like,3,0,0
1787375993937,3,PUT /community/post/{id}/like,200,,Like Thread Group 1-4,text,true,,231,235,1,1,http://localhost:9002/community/post/85/like,3,0,0
1787375993940,3,PUT /community/post/{id}/like,200,,Like Thread Group 1-4,text,true,,231,234,1,1,http://localhost:9002/community/post/6/like,3,0,0
1787375993943,2,PUT /community/post/{id}/like,200,,Like Thread Group 1-4,text,true,,231,235,1,1,http://localhost:9002/community/post/33/like,2,0,0
1787375993946,2,PUT /community/post/{id}/like,200,,Like Thread Group 1-4,text,true,,231,235,1,1,http://localhost:9002/community/post/48/like,2,0,0
1787375993949,2,PUT /community/post/{id}/like,200,,Like Thread Group 1-4,text,true,,231,235,1,1,http://localhost:9002/community/post/98/like,2,0,0
1787375993952,2,PUT /community/post/{id}/like,200,,Like Thread Group 1-4,text,true,,231,235,1,1,http://localhost:9002/community/post/75/like,2,0,0
1787375993954,3,PUT /community/post/{id}/like,200,,Like Thread Group 1-4,text,true,,231,235,1,1,http://localhost:9002/community/post/33/like,3,0,0
1787375993957,3,PUT /community/post/{id}/like,200,,Like Thread Group 1-4,text,true,,231,235,1,1,http://localhost:9002/community/post/41/like,3,0,0
1787375993960,2,PUT /community/post/{id}/like,200,,Like Thread Group 1-4,text,true,,231,235,1,1,http://localhost:9002/community/post/62/like,2,0,0
1787375993963,2,PUT /community/post/{id}/like,200,,Like Thread Group 1-4,text,true,,231,234,1,1,http://localhost:9002/community/post/7/like,2,0,0
1787375993966,2,PUT /community/post/{id}/like,200,,Like Thread Group 1-4,text,true,,231,235,1,1,http://localhost:9002/community/post/31/like,2,0,0
1787375993968,3,PUT /community/post/{id}/like,200,,Like Thread Group 1-4,text,true,,231,235,1,1,http://localhost:9002/community/post/82/like,2,0,0
1787375993971,3,PUT /community/post/{id}/like,200,,Like Thread Group 1-4,text,true,,231,235,1,1,http://localhost:9002/community/post/12/like,3,0,0
1787375993974,2,PUT /community/post/{id}/like,200,,Like Thread Group 1-4,text,true,,231,235,1,1,http://localhost:9002/community/post/89/like,2,0,0
1787375993977,2,PUT /community/post/{id}/like,200,,Like Thread Group 1-4,text,true,,231,235,1,1,http://localhost:9002/community/post/94/like,2,0,0
1787375993980,2,PUT /community/post/{id}/like,200,,Like Thread Group 1-4,text,true,,231,235,1,1,http://localhost:9002/community/post/56/like,2,0,0
1787375993983,2,PUT /community/post/{id}/like,200,,Like Thread Group 1-4,text,true,,231,235,1,1,http://localhost:9002/community/post/10/like,2,0,0
1787375993986,3,PUT /community/post/{id}/like,200,,Like Thread Group 1-4,text,true,,231,234,1,1,http://localhost:9002/community/post/8/like,3,0,0
1787375993989,3,PUT /community/post/{id}/like,200,,Like Thread Group 1-4,text,true,,231,234,1,1,http://localhost:9002/community/post/8/like,3,0,0
1787375993992,2,PUT /community/post/{id}/like,200,,Like Thread Group 1-4,text,true,,231,235,1,1,http://localhost:9002/community/post/25/like,2,0,0
1787375993995,3,PUT /community/post/{id}/like,200,,Like Thread Group 1-4,text,true,,231,235,1,1,http://localhost:9002/community/post/25/like,3,0,0
1787375993998,4,PUT /community/post/{id}/like,200,,Like Thread Group 1-4,text,true,,231,235,1,1,http://localhost:9002/community/post/38/like,4,0,0
1787375994003,3,PUT /community/post/{id}/like,200,,Like Thread Group 1-4,text,true,,231,235,1,1,http://localhost:9002/community/post/47/like,3,0,0
1787375994006,3,PUT /community/post/{id}/like,200,,Like Thread Group 1-4,text,true,,231,235,1,1,http://localhost:9002/community/post/11/like,3,0,0
1787375994009,3,PUT /community/post/{id}/like,200,,Like Thread Group 1-4,text,true,,231,234,1,1,http://localhost:9002/community/post/2/like,3,0,0
1787375994012,3,PUT /community/post/{id}/like,200,,Like Thread Group 1-4,text,true,,231,235,1,1,http://localhost:9002/community/post/18/like,3,0,0
1787375994015,2,PUT /community/post/{id}/like,200,,Like Thread Group 1-4,text,true,,231,236,1,1,http://localhost:9002/community/post/100/like,2,0,0
1787375994017,2,PUT /community/post/{id}/like,200,,Like Thread Group 1-4,text,true,,231,234,1,1,http://localhost:9002/community/post/3/like,2,0,0
1787375994020,2,PUT /community/post/{id}/like,200,,Like Thread Group 1-4,text,true,,231,235,1,1,http://localhost:9002/community/post/67/like,2,0,0
1787375994379,3,PUT /community/post/{id}/like,200,,Like Thread Group 1-5,text,true,,231,235,1,1,http://localhost:9002/community/post/69/like,3,0,1
1787375994383,2,PUT /community/post/{id}/like,200,,Like Thread Group 1-5,text,true,,231,235,1,1,http://localhost:9002/community/post/71/like,2,0,0
1787375994385,3,PUT /community/post/{id}/like,200,,Like Thread Group 1-5,text,true,,231,235,1,1,http://localhost:9002/community/post/97/like,3,0,0
1787375994388,2,PUT /community/post/{id}/like,200,,Like Thread Group 1-5,text,true,,231,235,1,1,http://localhost:9002/community/post/22/like,2,0,0
1787375994390,2,PUT /community/post/{id}/like,200,,Like Thread Group 1-5,text,true,,231,235,1,1,http://localhost:9002/community/post/30/like,2,0,0
1787375994393,1,PUT /community/post/{id}/like,200,,Like Thread Group 1-5,text,true,,231,235,1,1,http://localhost:9002/community/post/61/like,1,0,0
1787375994395,2,PUT /community/post/{id}/like,200,,Like Thread Group 1-5,text,true,,231,235,1,1,http://localhost:9002/community/post/99/like,2,0,0
1787375994397,2,PUT /community/post/{id}/like,200,,Like Thread Group 1-5,text,true,,231,235,1,1,http://localhost:9002/community/post/28/like,2,0,0
1787375994400,1,PUT /community/post/{id}/like,200,,Like Thread Group 1-5,text,true,,231,235,1,1,http://localhost:9002/community/post/54/like,1,0,0
1787375994402,2,PUT /community/post/{id}/like,200,,Like Thread Group 1-5,text,true,,231,235,1,1,http://localhost:9002/community/post/80/like,2,0,0
1787375994404,2,PUT /community/post/{id}/like,200,,Like Thread Group 1-5,text,true,,231,235,1,1,http://localhost:9002/community/post/99/like,2,0,0
1787375994407,2,PUT /community/post/{id}/like,200,,Like Thread Group 1-5,text,true,,231,235,1,1,http://localhost:9002/community/post/15/like,2,0,0
1787375994409,3,PUT /community/post/{id}/like,200,,Like Thread Group 1-5,text,true,,231,235,1,1,http://localhost:9002/community/post/27/like,3,0,0
1787375994412,2,PUT /community/post/{id}/like,200,,Like Thread Group 1-5,text,true,,231,235,1,1,http://localhost:9002/community/post/31/like,2,0,0
1787375994414,2,PUT /community/post/{id}/like,200,,Like Thread Group 1-5,text,true,,231,235,1,1,http://localhost:9002/community/post/81/like,2,0,0
1787375994417,2,PUT /community/post/{id}/like,200,,Like Thread Group 1-5,text,true,,231,235,1,1,http://localhost:9002/community/post/46/like,2,0,0
1787375994420,2,PUT /community/post/{id}/like,200,,Like Thread Group 1-5,text,true,,231,235,1,1,http://localhost:9002/community/post/28/like,2,0,0
1787375994422,2,PUT /community/post/{id}/like,200,,Like Thread Group 1-5,text,true,,231,235,1,1,http://localhost:9002/community/post/60/like,2,0,0
1787375994425,1,PUT /community/post/{id}/like,200,,Like Thread Group 1-5,text,true,,231,235,1,1,http://localhost:9002/community/post/21/like,1,0,0
1787375994427,2,PUT /community/post/{id}/like,200,,Like Thread Group 1-5,text,true,,231,235,1,1,http://localhost:9002/community/post/64/like,1,0,0
1787375994429,2,PUT /community/post/{id}/like,200,,Like Thread Group 1-5,text,true,,231,235,1,1,http://localhost:9002/community/post/30/like,2,0,0
1787375994436,3,PUT /community/post/{id}/like,200,,Like Thread Group 1-5,text,true,,231,235,1,1,http://localhost:9002/community/post/32/like,3,0,0
1787375994439,2,PUT /community/post/{id}/like,200,,Like Thread Group 1-5,text,true,,231,235,1,1,http://localhost:9002/community/post/44/like,2,0,0
1787375994442,2,PUT /community/post/{id}/like,200,,Like Thread Group 1-5,text,true,,231,235,1,1,http://localhost:9002/community/post/51/like,2,0,0
1787375994445,2,PUT /community/post/{id}/like,200,,Like Thread Group 1-5,text,true,,231,235,1,1,http://localhost:9002/community/post/44/like,2,0,0
1787375994447,2,PUT /community/post/{id}/like,200,,Like Thread Group 1-5,text,true,,231,234,1,1,http://localhost:9002/community/post/6/like,2,0,0
1787375994450,1,PUT /community/post/{id}/like,200,,Like Thread Group 1-5,text,true,,231,234,1,1,http://localhost:9002/community/post/8/like,1,0,0
1787375994452,2,PUT /community/post/{id}/like,200,,Like Thread Group 1-5,text,true,,231,235,1,1,http://localhost:9002/community/post/52/like,2,0,0
1787375994455,1,PUT /community/post/{id}/like,200,,Like Thread Group 1-5,text,true,,231,235,1,1,http://localhost:9002/community/post/80/like,1,0,0
1787375994457,2,PUT /community/post/{id}/like,200,,Like Thread Group 1-5,text,true,,231,235,1,1,http://localhost:9002/community/post/68/like,2,0,0
1787375994459,2,PUT /community/post/{id}/like,200,,Like Thread Group 1-5,text,true,,231,235,1,1,http://localhost:9002/community/post/19/like,2,0,0
1787375994462,2,PUT /community/post/{id}/like,200,,Like Thread Group 1-5,text,true,,231,235,1,1,http://localhost:9002/community/post/24/like,2,0,0
1787375994464,2,PUT /community/post/{id}/like,200,,Like Thread Group 1-5,text,true,,231,235,1,1,http://localhost:9002/community/post/54/like,2,0,0
1787375994467,2,PUT /community/post/{id}/like,200,,Like Thread Group 1-5,text,true,,231,235,1,1,http://localhost:9002/community/post/10/like,2,0,0
1787375994469,2,PUT /community/post/{id}/like,200,,Like Thread Group 1-5,text,true,,231,235,1,1,http://localhost:9002/community/post/29/like,2,0,0
1787375994472,2,PUT /community/post/{id}/like,200,,Like Thread Group 1-5,text,true,,231,235,1,1,http://localhost:9002/community/post/81/like,2,0,0
1787375994474,2,PUT /community/post/{id}/like,200,,Like Thread Group 1-5,text,true,,231,235,1,1,http://localhost:9002/community/post/84/like,2,0,0
1787375994477,2,PUT /community/post/{id}/like,200,,Like Thread Group 1-5,text,true,,231,235,1,1,http://localhost:9002/community/post/25/like,2,0,0
1787375994479,2,PUT /community/post/{id}/like,200,,Like Thread Group 1-5,text,true,,231,235,1,1,http://localhost:9002/community/post/80/like,2,0,0
1787375994482,2,PUT /community/post/{id}/like,200,,Like Thread Group 1-5,text,true,,231,235,1,1,http://localhost:9002/community/post/74/like,2,0,0
1787375994485,1,PUT /community/post/{id}/like,200,,Like Thread Group 1-5,text,true,,231,235,1,1,http://localhost:9002/community/post/58/like,1,0,0
1787375994487,3,PUT /community/post/{id}/like,200,,Like Thread Group 1-5,text,true,,231,235,1,1,http://localhost:9002/community/post/99/like,2,0,0
1787375994490,2,PUT /community/post/{id}/like,200,,Like Thread Group 1-5,text,true,,231,235,1,1,http://localhost:9002/community/post/76/like,2,0,0
1787375994492,2,PUT /community/post/{id}/like,200,,Like Thread Group 1-5,text,true,,231,235,1,1,http://localhost:9002/community/post/66/like,2,0,0
1787375994495,2,PUT /community/post/{id}/like,200,,Like Thread Group 1-5,text,true,,231,235,1,1,http://localhost:9002/community/post/63/like,2,0,0
1787375994497,2,PUT /community/post/{id}/like,200,,Like Thread Group 1-5,text,true,,231,235,1,1,http://localhost:9002/community/post/67/like,2,0,0
1787375994500,2,PUT /community/post/{id}/like,200,,Like Thread Group 1-5,text,true,,231,235,1,1,http://localhost:9002/community/post/43/like,2,0,0
1787375994503,1,PUT /community/post/{id}/like,200,,Like Thread Group 1-5,text,true,,231,235,1,1,http://localhost:9002/community/post/37/like,1,0,0
1787375994505,2,PUT /community/post/{id}/like,200,,Like Thread Group 1-5,text,true,,231,235,1,1,http://localhost:9002/community/post/56/like,2,0,0
1787375994507,2,PUT /community/post/{id}/like,200,,Like Thread Group 1-5,text,true,,231,235,1,1,http://localhost:9002/community/post/75/like,2,0,0
1787375994891,3,PUT /community/post/{id}/like,200,,Like Thread Group 1-6,text,true,,231,235,1,1,http://localhost:9002/community/post/59/like,3,0,1
1787375994895,2,PUT /community/post/{id}/like,200,,Like Thread Group 1-6,text,true,,231,235,1,1,http://localhost:9002/community/post/54/like,2,0,0
1787375994897,2,PUT /community/post/{id}/like,200,,Like Thread Group 1-6,text,true,,231,235,1,1,http://localhost:9002/community/post/69/like,2,0,0
1787375994899,3,PUT /community/post/{id}/like,200,,Like Thread Group 1-6,text,true,,231,235,1,1,http://localhost:9002/community/post/52/like,3,0,0
1787375994902,2,PUT /community/post/{id}/like,200,,Like Thread Group 1-6,text,true,,231,235,1,1,http://localhost:9002/community/post/55/like,2,0,0
1787375994904,3,PUT /community/post/{id}/like,200,,Like Thread Group 1-6,text,true,,231,235,1,1,http://localhost:9002/community/post/73/like,3,0,0
1787375994908,2,PUT /community/post/{id}/like,200,,Like Thread Group 1-6,text,true,,231,235,1,1,http://localhost:9002/community/post/28/like,2,0,0
1787375994911,2,PUT /community/post/{id}/like,200,,Like Thread Group 1-6,text,true,,231,235,1,1,http://localhost:9002/community/post/15/like,2,0,0
1787375994913,2,PUT /community/post/{id}/like,200,,Like Thread Group 1-6,text,true,,231,235,1,1,http://localhost:9002/community/post/71/like,2,0,0
1787375994915,2,PUT /community/post/{id}/like,200,,Like Thread Group 1-6,text,true,,231,234,1,1,http://localhost:9002/community/post/2/like,2,0,0
1787375994917,3,PUT /community/post/{id}/like,200,,Like Thread Group 1-6,text,true,,231,235,1,1,http://localhost:9002/community/post/72/like,3,0,0
1787375994920,2,PUT /community/post/{id}/like,200,,Like Thread Group 1-6,text,true,,231,235,1,1,http://localhost:9002/community/post/35/like,2,0,0
1787375994923,2,PUT /community/post/{id}/like,200,,Like Thread Group 1-6,text,true,,231,235,1,1,http://localhost:9002/community/post/68/like,2,0,0
1787375994925,2,PUT /community/post/{id}/like,200,,Like Thread Group 1-6,text,true,,231,235,1,1,http://localhost:9002/community/post/71/like,2,0,0
1787375994927,2,PUT /community/post/{id}/like,200,,Like Thread Group 1-6,text,true,,231,235,1,1,http://localhost:9002/community/post/82/like,2,0,0
1787375994930,2,PUT /community/post/{id}/like,200,,Like Thread Group 1-6,text,true,,231,235,1,1,http://localhost:9002/community/post/83/like,2,0,0
1787375994933,2,PUT /community/post/{id}/like,200,,Like Thread Group 1-6,text,true,,231,235,1,1,http://localhost:9002/community/post/71/like,2,0,0
1787375994936,2,PUT /community/post/{id}/like,200,,Like Thread Group 1-6,text,true,,231,235,1,1,http://localhost:9002/community/post/27/like,2,0,0
1787375994938,3,PUT /community/post/{id}/like,200,,Like Thread Group 1-6,text,true,,231,235,1,1,http://localhost:9002/community/post/93/like,2,0,0
1787375994941,2,PUT /community/post/{id}/like,200,,Like Thread Group 1-6,text,true,,231,234,1,1,http://localhost:9002/community/post/3/like,2,0,0
1787375994943,2,PUT /community/post/{id}/like,200,,Like Thread Group 1-6,text,true,,231,235,1,1,http://localhost:9002/community/post/62/like,2,0,0
1787375994945,2,PUT /community/post/{id}/like,200,,Like Thread Group 1-6,text,true,,231,235,1,1,http://localhost:9002/community/post/15/like,2,0,0
1787375994947,2,PUT /community/post/{id}/like,200,,Like Thread Group 1-6,text,true,,231,235,1,1,http://localhost:9002/community/post/12/like,2,0,0
1787375994950,1,PUT /community/post/{id}/like,200,,Like Thread Group 1-6,text,true,,231,235,1,1,http://localhost:9002/community/post/29/like,1,0,0
1787375994952,2,PUT /community/post/{id}/like,200,,Like Thread Group 1-6,text,true,,231,235,1,1,http://localhost:9002/community/post/34/like,2,0,0
1787375994954,3,PUT /community/post/{id}/like,200,,Like Thread Group 1-6,text,true,,231,235,1,1,http://localhost:9002/community/post/54/like,2,0,0
1787375994957,2,PUT /community/post/{id}/like,200,,Like Thread Group 1-6,text,true,,231,235,1,1,http://localhost:9002/community/post/71/like,2,0,0
1787375994960,1,PUT /community/post/{id}/like,200,,Like Thread Group 1-6,text,true,,231,235,1,1,http://localhost:9002/community/post/76/like,1,0,0
1787375994962,2,PUT /community/post/{id}/like,200,,Like Thread Group 1-6,text,true,,231,235,1,1,http://localhost:9002/community/post/55/like,2,0,0
1787375994964,2,PUT /community/post/{id}/like,200,,Like Thread Group 1-6,text,true,,231,235,1,1,http://localhost:9002/community/post/83/like,2,0,0
1787375994966,2,PUT /community/post/{id}/like,200,,Like Thread Group 1-6,text,true,,231,235,1,1,http://localhost:9002/community/post/52/like,2,0,0
1787375994969,2,PUT /community/post/{id}/like,200,,Like Thread Group 1-6,text,true,,231,235,1,1,http://localhost:9002/community/post/96/like,2,0,0
1787375994972,2,PUT /community/post/{id}/like,200,,Like Thread Group 1-6,text,true,,231,235,1,1,http://localhost:9002/community/post/19/like,2,0,0
1787375994974,2,PUT /community/post/{id}/like,200,,Like Thread Group 1-6,text,true,,231,235,1,1,http://localhost:9002/community/post/65/like,2,0,0
1787375994976,2,PUT /community/post/{id}/like,200,,Like Thread Group 1-6,text,true,,231,235,1,1,http://localhost:9002/community/post/68/like,2,0,0
1787375994979,2,PUT /community/post/{id}/like,200,,Like Thread Group 1-6,text,true,,231,235,1,1,http://localhost:9002/community/post/57/like,2,0,0
1787375994981,2,PUT /community/post/{id}/like,200,,Like Thread Group 1-6,text,true,,231,235,1,1,http://localhost:9002/community/post/94/like,2,0,0
1787375994983,2,PUT /community/post/{id}/like,200,,Like Thread Group 1-6,text,true,,231,235,1,1,http://localhost:9002/community/post/91/like,2,0,0
1787375994986,2,PUT /community/post/{id}/like,200,,Like Thread Group 1-6,text,true,,231,235,1,1,http://localhost:9002/community/post/92/like,1,0,0
1787375994988,2,PUT /community/post/{id}/like,200,,Like Thread Group 1-6,text,true,,231,235,1,1,http://localhost:9002/community/post/35/like,2,0,0
1787375994991,2,PUT /community/post/{id}/like,200,,Like Thread Group 1-6,text,true,,231,235,1,1,http://localhost:9002/community/post/65/like,2,0,0
1787375994993,2,PUT /community/post/{id}/like,200,,Like Thread Group 1-6,text,true,,231,235,1,1,http://localhost:9002/community/post/11/like,2,0,0
1787375994996,2,PUT /community/post/{id}/like,200,,Like Thread Group 1-6,text,true,,231,234,1,1,http://localhost:9002/community/post/8/like,2,0,0
1787375994998,2,PUT /community/post/{id}/like,200,,Like Thread Group 1-6,text,true,,231,235,1,1,http://localhost:9002/community/post/15/like,2,0,0
1787375995001,3,PUT /community/post/{id}/like,200,,Like Thread Group 1-6,text,true,,231,235,1,1,http://localhost:9002/community/post/27/like,3,0,0
1787375995004,2,PUT /community/post/{id}/like,200,,Like Thread Group 1-6,text,true,,231,235,1,1,http://localhost:9002/community/post/58/like,2,0,0
1787375995007,2,PUT /community/post/{id}/like,200,,Like Thread Group 1-6,text,true,,231,234,1,1,http://localhost:9002/community/post/9/like,2,0,0
1787375995009,3,PUT /community/post/{id}/like,200,,Like Thread Group 1-6,text,true,,231,235,1,1,http://localhost:9002/community/post/49/like,2,0,0
1787375995012,2,PUT /community/post/{id}/like,200,,Like Thread Group 1-6,text,true,,231,235,1,1,http://localhost:9002/community/post/81/like,2,0,0
1787375995014,3,PUT /community/post/{id}/like,200,,Like Thread Group 1-6,text,true,,231,235,1,1,http://localhost:9002/community/post/47/like,3,0,0
1787375995377,3,PUT /community/post/{id}/like,200,,Like Thread Group 1-7,text,true,,231,235,1,1,http://localhost:9002/community/post/14/like,3,0,1
1787375995381,1,PUT /community/post/{id}/like,200,,Like Thread Group 1-7,text,true,,231,235,1,1,http://localhost:9002/community/post/34/like,1,0,0
1787375995383,1,PUT /community/post/{id}/like,200,,Like Thread Group 1-7,text,true,,231,235,1,1,http://localhost:9002/community/post/63/like,1,0,0
1787375995385,1,PUT /community/post/{id}/like,200,,Like Thread Group 1-7,text,true,,231,235,1,1,http://localhost:9002/community/post/16/like,1,0,0
1787375995386,2,PUT /community/post/{id}/like,200,,Like Thread Group 1-7,text,true,,231,235,1,1,http://localhost:9002/community/post/42/like,2,0,0
1787375995388,2,PUT /community/post/{id}/like,200,,Like Thread Group 1-7,text,true,,231,235,1,1,http://localhost:9002/community/post/71/like,2,0,0
1787375995390,2,PUT /community/post/{id}/like,200,,Like Thread Group 1-7,text,true,,231,235,1,1,http://localhost:9002/community/post/78/like,2,0,0
1787375995392,2,PUT /community/post/{id}/like,200,,Like Thread Group 1-7,text,true,,231,235,1,1,http://localhost:9002/community/post/59/like,2,0,0
1787375995395,1,PUT /community/post/{id}/like,200,,Like Thread Group 1-7,text,true,,231,235,1,1,http://localhost:9002/community/post/42/like,1,0,0
1787375995397,2,PUT /community/post/{id}/like,200,,Like Thread Group 1-7,text,true,,231,235,1,1,http://localhost:9002/community/post/56/like,2,0,0
1787375995399,2,PUT /community/post/{id}/like,200,,Like Thread Group 1-7,text,true,,231,234,1,1,http://localhost:9002/community/post/5/like,2,0,0
1787375995402,2,PUT /community/post/{id}/like,200,,Like Thread Group 1-7,text,true,,231,235,1,1,http://localhost:9002/community/post/34/like,2,0,0
1787375995404,3,PUT /community/post/{id}/like,200,,Like Thread Group 1-7,text,true,,231,234,1,1,http://localhost:9002/community/post/7/like,3,0,0
1787375995407,2,PUT /community/post/{id}/like,200,,Like Thread Group 1-7,text,true,,231,235,1,1,http://localhost:9002/community/post/97/like,2,0,0
1787375995410,2,PUT /community/post/{id}/like,200,,Like Thread Group 1-7,text,true,,231,235,1,1,http://localhost:9002/community/post/99/like,2,0,0
1787375995412,2,PUT /community/post/{id}/like,200,,Like Thread Group 1-7,text,true,,231,235,1,1,http://localhost:9002/community/post/37/like,2,0,0
1787375995414,2,PUT /community/post/{id}/like,200,,Like Thread Group 1-7,text,true,,231,235,1,1,http://localhost:9002/community/post/10/like,2,0,0
1787375995416,2,PUT /community/post/{id}/like,200,,Like Thread Group 1-7,text,true,,231,235,1,1,http://localhost:9002/community/post/84/like,2,0,0
1787375995418,2,PUT /community/post/{id}/like,200,,Like Thread Group 1-7,text,true,,231,235,1,1,http://localhost:9002/community/post/89/like,2,0,0
1787375995420,3,PUT /community/post/{id}/like,200,,Like Thread Group 1-7,text,true,,231,235,1,1,http://localhost:9002/community/post/47/like,3,0,0
1787375995424,2,PUT /community/post/{id}/like,200,,Like Thread Group 1-7,text,true,,231,235,1,1,http://localhost:9002/community/post/24/like,2,0,0
1787375995426,2,PUT /community/post/{id}/like,200,,Like Thread Group 1-7,text,true,,231,234,1,1,http://localhost:9002/community/post/3/like,2,0,0
1787375995428,2,PUT /community/post/{id}/like,200,,Like Thread Group 1-7,text,true,,231,235,1,1,http://localhost:9002/community/post/44/like,2,0,0
1787375995431,1,PUT /community/post/{id}/like,200,,Like Thread Group 1-7,text,true,,231,235,1,1,http://localhost:9002/community/post/10/like,1,0,0
1787375995433,1,PUT /community/post/{id}/like,200,,Like Thread Group 1-7,text,true,,231,235,1,1,http://localhost:9002/community/post/26/like,1,0,0
1787375995435,2,PUT /community/post/{id}/like,200,,Like Thread Group 1-7,text,true,,231,235,1,1,http://localhost:9002/community/post/23/like,2,0,0
1787375995437,2,PUT /community/post/{id}/like,200,,Like Thread Group 1-7,text,true,,231,235,1,1,http://localhost:9002/community/post/33/like,2,0,0
1787375995439,2,PUT /community/post/{id}/like,200,,Like Thread Group 1-7,text,true,,231,235,1,1,http://localhost:9002/community/post/53/like,2,0,0
1787375995441,1,PUT /community/post/{id}/like,200,,Like Thread Group 1-7,text,true,,231,235,1,1,http://localhost:9002/community/post/87/like,1,0,0
1787375995443,2,PUT /community/post/{id}/like,200,,Like Thread Group 1-7,text,true,,231,235,1,1,http://localhost:9002/community/post/69/like,2,0,0
1787375995445,2,PUT /community/post/{id}/like,200,,Like Thread Group 1-7,text,true,,231,234,1,1,http://localhost:9002/community/post/9/like,2,0,0
1787375995447,2,PUT /community/post/{id}/like,200,,Like Thread Group 1-7,text,true,,231,235,1,1,http://localhost:9002/community/post/23/like,2,0,0
1787375995450,2,PUT /community/post/{id}/like,200,,Like Thread Group 1-7,text,true,,231,235,1,1,http://localhost:9002/community/post/19/like,2,0,0
1787375995452,1,PUT /community/post/{id}/like,200,,Like Thread Group 1-7,text,true,,231,235,1,1,http://localhost:9002/community/post/53/like,1,0,0
1787375995454,2,PUT /community/post/{id}/like,200,,Like Thread Group 1-7,text,true,,231,235,1,1,http://localhost:9002/community/post/46/like,2,0,0
1787375995456,2,PUT /community/post/{id}/like,200,,Like Thread Group 1-7,text,true,,231,234,1,1,http://localhost:9002/community/post/7/like,2,0,0
1787375995458,2,PUT /community/post/{id}/like,200,,Like Thread Group 1-7,text,true,,231,235,1,1,http://localhost:9002/community/post/42/like,2,0,0
1787375995460,2,PUT /community/post/{id}/like,200,,Like Thread Group 1-7,text,true,,231,235,1,1,http://localhost:9002/community/post/22/like,2,0,0
1787375995462,2,PUT /community/post/{id}/like,200,,Like Thread Group 1-7,text,true,,231,235,1,1,http://localhost:9002/community/post/75/like,2,0,0
1787375995464,3,PUT /community/post/{id}/like,200,,Like Thread Group 1-7,text,true,,231,235,1,1,http://localhost:9002/community/post/55/like,2,0,0
1787375995467,2,PUT /community/post/{id}/like,200,,Like Thread Group 1-7,text,true,,231,235,1,1,http://localhost:9002/community/post/99/like,1,0,0
1787375995469,2,PUT /community/post/{id}/like,200,,Like Thread Group 1-7,text,true,,231,235,1,1,http://localhost:9002/community/post/74/like,2,0,0
1787375995471,3,PUT /community/post/{id}/like,200,,Like Thread Group 1-7,text,true,,231,234,1,1,http://localhost:9002/community/post/2/like,3,0,0
1787375995474,2,PUT /community/post/{id}/like,200,,Like Thread Group 1-7,text,true,,231,235,1,1,http://localhost:9002/community/post/19/like,2,0,0
1787375995476,1,PUT /community/post/{id}/like,200,,Like Thread Group 1-7,text,true,,231,235,1,1,http://localhost:9002/community/post/80/like,1,0,0
1787375995478,1,PUT /community/post/{id}/like,200,,Like Thread Group 1-7,text,true,,231,235,1,1,http://localhost:9002/community/post/67/like,1,0,0
1787375995480,2,PUT /community/post/{id}/like,200,,Like Thread Group 1-7,text,true,,231,234,1,1,http://localhost:9002/community/post/2/like,2,0,0
1787375995482,2,PUT /community/post/{id}/like,200,,Like Thread Group 1-7,text,true,,231,235,1,1,http://localhost:9002/community/post/97/like,2,0,0
1787375995484,3,PUT /community/post/{id}/like,200,,Like Thread Group 1-7,text,true,,231,234,1,1,http://localhost:9002/community/post/7/like,3,0,0
1787375995487,2,PUT /community/post/{id}/like,200,,Like Thread Group 1-7,text,true,,231,235,1,1,http://localhost:9002/community/post/82/like,2,0,0
1787375995877,3,PUT /community/post/{id}/like,200,,Like Thread Group 1-8,text,true,,231,235,1,1,http://localhost:9002/community/post/49/like,3,0,1
1787375995880,3,PUT /community/post/{id}/like,200,,Like Thread Group 1-8,text,true,,231,235,1,1,http://localhost:9002/community/post/78/like,3,0,0
1787375995884,2,PUT /community/post/{id}/like,200,,Like Thread Group 1-8,text,true,,231,235,1,1,http://localhost:9002/community/post/28/like,2,0,0
1787375995886,2,PUT /community/post/{id}/like,200,,Like Thread Group 1-8,text,true,,231,235,1,1,http://localhost:9002/community/post/43/like,2,0,0
1787375995889,2,PUT /community/post/{id}/like,200,,Like Thread Group 1-8,text,true,,231,235,1,1,http://localhost:9002/community/post/36/like,2,0,0
1787375995891,2,PUT /community/post/{id}/like,200,,Like Thread Group 1-8,text,true,,231,235,1,1,http://localhost:9002/community/post/21/like,2,0,0
1787375995894,2,PUT /community/post/{id}/like,200,,Like Thread Group 1-8,text,true,,231,235,1,1,http://localhost:9002/community/post/62/like,2,0,0
1787375995897,2,PUT /community/post/{id}/like,200,,Like Thread Group 1-8,text,true,,231,235,1,1,http://localhost:9002/community/post/34/like,2,0,0
1787375995900,1,PUT /community/post/{id}/like,200,,Like Thread Group 1-8,text,true,,231,235,1,1,http://localhost:9002/community/post/34/like,1,0,0
1787375995902,2,PUT /community/post/{id}/like,200,,Like Thread Group 1-8,text,true,,231,235,1,1,http://localhost:9002/community/post/60/like,2,0,0
1787375995904,2,PUT /community/post/{id}/like,200,,Like Thread Group 1-8,text,true,,231,235,1,1,http://localhost:9002/community/post/89/like,2,0,0
1787375995907,2,PUT /community/post/{id}/like,200,,Like Thread Group 1-8,text,true,,231,235,1,1,http://localhost:9002/community/post/85/like,2,0,0
1787375995909,2,PUT /community/post/{id}/like,200,,Like Thread Group 1-8,text,true,,231,235,1,1,http://localhost:9002/community/post/17/like,2,0,0
1787375995912,2,PUT /community/post/{id}/like,200,,Like Thread Group 1-8,text,true,,231,235,1,1,http://localhost:9002/community/post/92/like,2,0,0
1787375995915,2,PUT /community/post/{id}/like,200,,Like Thread Group 1-8,text,true,,231,235,1,1,http://localhost:9002/community/post/93/like,2,0,0
1787375995918,2,PUT /community/post/{id}/like,200,,Like Thread Group 1-8,text,true,,231,234,1,1,http://localhost:9002/community/post/2/like,2,0,0
1787375995921,2,PUT /community/post/{id}/like,200,,Like Thread Group 1-8,text,true,,231,235,1,1,http://localhost:9002/community/post/38/like,2,0,0
1787375995924,2,PUT /community/post/{id}/like,200,,Like Thread Group 1-8,text,true,,231,235,1,1,http://localhost:9002/community/post/57/like,2,0,0
1787375995926,2,PUT /community/post/{id}/like,200,,Like Thread Group 1-8,text,true,,231,235,1,1,http://localhost:9002/community/post/14/like,2,0,0
1787375995928,2,PUT /community/post/{id}/like,200,,Like Thread Group 1-8,text,true,,231,235,1,1,http://localhost:9002/community/post/81/like,2,0,0
1787375995930,3,PUT /community/post/{id}/like,200,,Like Thread Group 1-8,text,true,,231,235,1,1,http://localhost:9002/community/post/10/like,3,0,0
1787375995933,2,PUT /community/post/{id}/like,200,,Like Thread Group 1-8,text,true,,231,235,1,1,http://localhost:9002/community/post/65/like,2,0,0
1787375995936,2,PUT /community/post/{id}/like,200,,Like Thread Group 1-8,text,true,,231,235,1,1,http://localhost:9002/community/post/30/like,2,0,0
1787375995938,1,PUT /community/post/{id}/like,200,,Like Thread Group 1-8,text,true,,231,235,1,1,http://localhost:9002/community/post/52/like,1,0,0
1787375995940,1,PUT /community/post/{id}/like,200,,Like Thread Group 1-8,text,true,,231,235,1,1,http://localhost:9002/community/post/51/like,1,0,0
1787375995942,2,PUT /community/post/{id}/like,200,,Like Thread Group 1-8,text,true,,231,235,1,1,http://localhost:9002/community/post/63/like,2,0,0
1787375995944,2,PUT /community/post/{id}/like,200,,Like Thread Group 1-8,text,true,,231,235,1,1,http://localhost:9002/community/post/96/like,2,0,0
1787375995946,2,PUT /community/post/{id}/like,200,,Like Thread Group 1-8,text,true,,231,235,1,1,http://localhost:9002/community/post/30/like,2,0,0
1787375995949,3,PUT /community/post/{id}/like,200,,Like Thread Group 1-8,text,true,,231,235,1,1,http://localhost:9002/community/post/85/like,3,0,0
1787375995952,2,PUT /community/post/{id}/like,200,,Like Thread Group 1-8,text,true,,231,235,1,1,http://localhost:9002/community/post/68/like,2,0,0
1787375995954,2,PUT /community/post/{id}/like,200,,Like Thread Group 1-8,text,true,,231,235,1,1,http://localhost:9002/community/post/67/like,2,0,0
1787375995956,2,PUT /community/post/{id}/like,200,,Like Thread Group 1-8,text,true,,231,235,1,1,http://localhost:9002/community/post/32/like,2,0,0
1787375995958,2,PUT /community/post/{id}/like,200,,Like Thread Group 1-8,text,true,,231,235,1,1,http://localhost:9002/community/post/70/like,2,0,0
1787375995961,2,PUT /community/post/{id}/like,200,,Like Thread Group 1-8,text,true,,231,235,1,1,http://localhost:9002/community/post/61/like,2,0,0
1787375995963,2,PUT /community/post/{id}/like,200,,Like Thread Group 1-8,text,true,,231,235,1,1,http://localhost:9002/community/post/95/like,2,0,0
1787375995966,2,PUT /community/post/{id}/like,200,,Like Thread Group 1-8,text,true,,231,235,1,1,http://localhost:9002/community/post/26/like,2,0,0
1787375995968,3,PUT /community/post/{id}/like,200,,Like Thread Group 1-8,text,true,,231,235,1,1,http://localhost:9002/community/post/92/like,3,0,0
1787375995971,2,PUT /community/post/{id}/like,200,,Like Thread Group 1-8,text,true,,231,235,1,1,http://localhost:9002/community/post/99/like,2,0,0
1787375995974,1,PUT /community/post/{id}/like,200,,Like Thread Group 1-8,text,true,,231,235,1,1,http://localhost:9002/community/post/50/like,1,0,0
1787375995976,2,PUT /community/post/{id}/like,200,,Like Thread Group 1-8,text,true,,231,235,1,1,http://localhost:9002/community/post/82/like,2,0,0
1787375995978,3,PUT /community/post/{id}/like,200,,Like Thread Group 1-8,text,true,,231,235,1,1,http://localhost:9002/community/post/54/like,3,0,0
1787375995981,2,PUT /community/post/{id}/like,200,,Like Thread Group 1-8,text,true,,231,235,1,1,http://localhost:9002/community/post/89/like,2,0,0
1787375995984,2,PUT /community/post/{id}/like,200,,Like Thread Group 1-8,text,true,,231,234,1,1,http://localhost:9002/community/post/7/like,2,0,0
1787375995986,3,PUT /community/post/{id}/like,200,,Like Thread Group 1-8,text,true,,231,234,1,1,http://localhost:9002/community/post/2/like,3,0,0
1787375995989,2,PUT /community/post/{id}/like,200,,Like Thread Group 1-8,text,true,,231,235,1,1,http://localhost:9002/community/post/63/like,2,0,0
1787375995991,2,PUT /community/post/{id}/like,200,,Like Thread Group 1-8,text,true,,231,235,1,1,http://localhost:9002/community/post/73/like,1,0,0
1787375995993,2,PUT /community/post/{id}/like,200,,Like Thread Group 1-8,text,true,,231,235,1,1,http://localhost:9002/community/post/40/like,2,0,0
1787375995996,1,PUT /community/post/{id}/like,200,,Like Thread Group 1-8,text,true,,231,235,1,1,http://localhost:9002/community/post/84/like,1,0,0
1787375995997,2,PUT /community/post/{id}/like,200,,Like Thread Group 1-8,text,true,,231,235,1,1,http://localhost:9002/community/post/64/like,2,0,0
1787375996000,2,PUT /community/post/{id}/like,200,,Like Thread Group 1-8,text,true,,231,235,1,1,http://localhost:9002/community/post/86/like,2,0,0
1787375996375,4,PUT /community/post/{id}/like,200,,Like Thread Group 1-9,text,true,,231,235,1,1,http://localhost:9002/community/post/54/like,3,0,2
1787375996379,2,PUT /community/post/{id}/like,200,,Like Thread Group 1-9,text,true,,231,235,1,1,http://localhost:9002/community/post/62/like,1,0,0
1787375996381,2,PUT /community/post/{id}/like,200,,Like Thread Group 1-9,text,true,,231,235,1,1,http://localhost:9002/community/post/17/like,2,0,0
1787375996383,2,PUT /community/post/{id}/like,200,,Like Thread Group 1-9,text,true,,231,235,1,1,http://localhost:9002/community/post/38/like,2,0,0
1787375996386,1,PUT /community/post/{id}/like,200,,Like Thread Group 1-9,text,true,,231,235,1,1,http://localhost:9002/community/post/11/like,1,0,0
1787375996388,1,PUT /community/post/{id}/like,200,,Like Thread Group 1-9,text,true,,231,235,1,1,http://localhost:9002/community/post/99/like,1,0,0
1787375996390,2,PUT /community/post/{id}/like,200,,Like Thread Group 1-9,text,true,,231,235,1,1,http://localhost:9002/community/post/55/like,2,0,0
1787375996393,2,PUT /community/post/{id}/like,200,,Like Thread Group 1-9,text,true,,231,235,1,1,http://localhost:9002/community/post/31/like,2,0,0
1787375996395,2,PUT /community/post/{id}/like,200,,Like Thread Group 1-9,text,true,,231,235,1,1,http://localhost:9002/community/post/23/like,2,0,0
1787375996397,2,PUT /community/post/{id}/like,200,,Like Thread Group 1-9,text,true,,231,234,1,1,http://localhost:9002/community/post/7/like,2,0,0
1787375996399,2,PUT /community/post/{id}/like,200,,Like Thread Group 1-9,text,true,,231,235,1,1,http://localhost:9002/community/post/85/like,2,0,0
1787375996401,2,PUT /community/post/{id}/like,200,,Like Thread Group 1-9,text,true,,231,235,1,1,http://localhost:9002/community/post/18/like,2,0,0
1787375996404,2,PUT /community/post/{id}/like,200,,Like Thread Group 1-9,text,true,,231,235,1,1,http://localhost:9002/community/post/32/like,2,0,0
1787375996406,2,PUT /community/post/{id}/like,200,,Like Thread Group 1-9,text,true,,231,235,1,1,http://localhost:9002/community/post/84/like,2,0,0
1787375996408,2,PUT /community/post/{id}/like,200,,Like Thread Group 1-9,text,true,,231,235,1,1,http://localhost:9002/community/post/17/like,2,0,0
1787375996410,2,PUT /community/post/{id}/like,200,,Like Thread Group 1-9,text,true,,231,235,1,1,http://localhost:9002/community/post/98/like,2,0,0
1787375996412,2,PUT /community/post/{id}/like,200,,Like Thread Group 1-9,text,true,,231,235,1,1,http://localhost:9002/community/post/52/like,2,0,0
1787375996414,2,PUT /community/post/{id}/like,200,,Like Thread Group 1-9,text,true,,231,235,1,1,http://localhost:9002/community/post/13/like,2,0,0
1787375996417,2,PUT /community/post/{id}/like,200,,Like Thread Group 1-9,text,true,,231,235,1,1,http://localhost:9002/community/post/20/like,2,0,0
1787375996419,2,PUT /community/post/{id}/like,200,,Like Thread Group 1-9,text,true,,231,235,1,1,http://localhost:9002/community/post/84/like,2,0,0
1787375996421,2,PUT /community/post/{id}/like,200,,Like Thread Group 1-9,text,true,,231,235,1,1,http://localhost:9002/community/post/30/like,2,0,0
1787375996424,1,PUT /community/post/{id}/like,200,,Like Thread Group 1-9,text,true,,231,234,1,1,http://localhost:9002/community/post/4/like,1,0,0
1787375996426,1,PUT /community/post/{id}/like,200,,Like Thread Group 1-9,text,true,,231,235,1,1,http://localhost:9002/community/post/78/like,1,0,0
1787375996427,2,PUT /community/post/{id}/like,200,,Like Thread Group 1-9,text,true,,231,235,1,1,http://localhost:9002/community/post/62/like,2,0,0
1787375996429,2,PUT /community/post/{id}/like,200,,Like Thread Group 1-9,text,true,,231,235,1,1,http://localhost:9002/community/post/38/like,2,0,0
1787375996432,2,PUT /community/post/{id}/like,200,,Like Thread Group 1-9,text,true,,231,235,1,1,http://localhost:9002/community/post/23/like,2,0,0
1787375996434,2,PUT /community/post/{id}/like,200,,Like Thread Group 1-9,text,true,,231,235,1,1,http://localhost:9002/community/post/84/like,2,0,0
1787375996436,2,PUT /community/post/{id}/like,200,,Like Thread Group 1-9,text,true,,231,235,1,1,http://localhost:9002/community/post/34/like,2,0,0
1787375996439,2,PUT /community/post/{id}/like,200,,Like Thread Group 1-9,text,true,,231,235,1,1,http://localhost:9002/community/post/69/like,2,0,0
1787375996441,2,PUT /community/post/{id}/like,200,,Like Thread Group 1-9,text,true,,231,235,1,1,http://localhost:9002/community/post/89/like,2,0,0
1787375996444,1,PUT /community/post/{id}/like,200,,Like Thread Group 1-9,text,true,,231,236,1,1,http://localhost:9002/community/post/100/like,1,0,0
1787375996445,2,PUT /community/post/{id}/like,200,,Like Thread Group 1-9,text,true,,231,235,1,1,http://localhost:9002/community/post/62/like,2,0,0
1787375996448,1,PUT /community/post/{id}/like,200,,Like Thread Group 1-9,text,true,,231,235,1,1,http://localhost:9002/community/post/30/like,1,0,0
1787375996450,1,PUT /community/post/{id}/like,200,,Like Thread Group 1-9,text,true,,231,235,1,1,http://localhost:9002/community/post/81/like,1,0,0
1787375996451,2,PUT /community/post/{id}/like,200,,Like Thread Group 1-9,text,true,,231,235,1,1,http://localhost:9002/community/post/23/like,2,0,0
1787375996453,2,PUT /community/post/{id}/like,200,,Like Thread Group 1-9,text,true,,231,235,1,1,http://localhost:9002/community/post/65/like,2,0,0
1787375996455,2,PUT /community/post/{id}/like,200,,Like Thread Group 1-9,text,true,,231,235,1,1,http://localhost:9002/community/post/40/like,2,0,0
1787375996457,2,PUT /community/post/{id}/like,200,,Like Thread Group 1-9,text,true,,231,236,1,1,http://localhost:9002/community/post/100/like,2,0,0
1787375996459,3,PUT /community/post/{id}/like,200,,Like Thread Group 1-9,text,true,,231,235,1,1,http://localhost:9002/community/post/10/like,3,0,0
1787375996462,2,PUT /community/post/{id}/like,200,,Like Thread Group 1-9,text,true,,231,235,1,1,http://localhost:9002/community/post/68/like,2,0,0
1787375996464,2,PUT /community/post/{id}/like,200,,Like Thread Group 1-9,text,true,,231,235,1,1,http://localhost:9002/community/post/58/like,2,0,0
1787375996466,2,PUT /community/post/{id}/like,200,,Like Thread Group 1-9,text,true,,231,235,1,1,http://localhost:9002/community/post/29/like,2,0,0
1787375996468,2,PUT /community/post/{id}/like,200,,Like Thread Group 1-9,text,true,,231,235,1,1,http://localhost:9002/community/post/25/like,2,0,0
1787375996471,1,PUT /community/post/{id}/like,200,,Like Thread Group 1-9,text,true,,231,235,1,1,http://localhost:9002/community/post/66/like,1,0,0
1787375996473,2,PUT /community/post/{id}/like,200,,Like Thread Group 1-9,text,true,,231,235,1,1,http://localhost:9002/community/post/17/like,2,0,0
1787375996475,2,PUT /community/post/{id}/like,200,,Like Thread Group 1-9,text,true,,231,235,1,1,http://localhost:9002/community/post/53/like,2,0,0
1787375996477,2,PUT /community/post/{id}/like,200,,Like Thread Group 1-9,text,true,,231,235,1,1,http://localhost:9002/community/post/99/like,2,0,0
1787375996479,3,PUT /community/post/{id}/like,200,,Like Thread Group 1-9,text,true,,231,235,1,1,http://localhost:9002/community/post/32/like,3,0,0
1787375996482,2,PUT /community/post/{id}/like,200,,Like Thread Group 1-9,text,true,,231,235,1,1,http://localhost:9002/community/post/13/like,2,0,0
1787375996485,2,PUT /community/post/{id}/like,200,,Like Thread Group 1-9,text,true,,231,235,1,1,http://localhost:9002/community/post/77/like,2,0,0
1787375996875,3,PUT /community/post/{id}/like,200,,Like Thread Group 1-10,text,true,,231,235,1,1,http://localhost:9002/community/post/77/like,3,0,1
1787375996878,2,PUT /community/post/{id}/like,200,,Like Thread Group 1-10,text,true,,231,235,1,1,http://localhost:9002/community/post/22/like,2,0,0
1787375996880,2,PUT /community/post/{id}/like,200,,Like Thread Group 1-10,text,true,,231,235,1,1,http://localhost:9002/community/post/19/like,2,0,0
1787375996882,2,PUT /community/post/{id}/like,200,,Like Thread Group 1-10,text,true,,231,235,1,1,http://localhost:9002/community/post/42/like,2,0,0
1787375996884,3,PUT /community/post/{id}/like,200,,Like Thread Group 1-10,text,true,,231,235,1,1,http://localhost:9002/community/post/48/like,3,0,0
1787375996887,2,PUT /community/post/{id}/like,200,,Like Thread Group 1-10,text,true,,231,235,1,1,http://localhost:9002/community/post/32/like,2,0,0
1787375996889,1,PUT /community/post/{id}/like,200,,Like Thread Group 1-10,text,true,,231,235,1,1,http://localhost:9002/community/post/42/like,1,0,0
1787375996891,1,PUT /community/post/{id}/like,200,,Like Thread Group 1-10,text,true,,231,235,1,1,http://localhost:9002/community/post/97/like,1,0,0
1787375996893,1,PUT /community/post/{id}/like,200,,Like Thread Group 1-10,text,true,,231,235,1,1,http://localhost:9002/community/post/15/like,1,0,0
1787375996894,2,PUT /community/post/{id}/like,200,,Like Thread Group 1-10,text,true,,231,235,1,1,http://localhost:9002/community/post/90/like,2,0,0
1787375996896,2,PUT /community/post/{id}/like,200,,Like Thread Group 1-10,text,true,,231,235,1,1,http://localhost:9002/community/post/48/like,2,0,0
1787375996898,2,PUT /community/post/{id}/like,200,,Like Thread Group 1-10,text,true,,231,234,1,1,http://localhost:9002/community/post/6/like,2,0,0
1787375996900,2,PUT /community/post/{id}/like,200,,Like Thread Group 1-10,text,true,,231,235,1,1,http://localhost:9002/community/post/37/like,2,0,0
1787375996902,2,PUT /community/post/{id}/like,200,,Like Thread Group 1-10,text,true,,231,235,1,1,http://localhost:9002/community/post/59/like,2,0,0
1787375996904,2,PUT /community/post/{id}/like,200,,Like Thread Group 1-10,text,true,,231,235,1,1,http://localhost:9002/community/post/98/like,2,0,0
1787375996906,2,PUT /community/post/{id}/like,200,,Like Thread Group 1-10,text,true,,231,235,1,1,http://localhost:9002/community/post/65/like,2,0,0
1787375996908,3,PUT /community/post/{id}/like,200,,Like Thread Group 1-10,text,true,,231,235,1,1,http://localhost:9002/community/post/25/like,3,0,0
1787375996911,2,PUT /community/post/{id}/like,200,,Like Thread Group 1-10,text,true,,231,235,1,1,http://localhost:9002/community/post/64/like,2,0,0
1787375996913,2,PUT /community/post/{id}/like,200,,Like Thread Group 1-10,text,true,,231,235,1,1,http://localhost:9002/community/post/30/like,2,0,0
1787375996915,2,PUT /community/post/{id}/like,200,,Like Thread Group 1-10,text,true,,231,235,1,1,http://localhost:9002/community/post/28/like,2,0,0
1787375996917,3,PUT /community/post/{id}/like,200,,Like Thread Group 1-10,text,true,,231,235,1,1,http://localhost:9002/community/post/13/like,2,0,0
1787375996920,2,PUT /community/post/{id}/like,200,,Like Thread Group 1-10,text,true,,231,235,1,1,http://localhost:9002/community/post/14/like,2,0,0
1787375996922,2,PUT /community/post/{id}/like,200,,Like Thread Group 1-10,text,true,,231,235,1,1,http://localhost:9002/community/post/19/like,2,0,0
1787375996924,2,PUT /community/post/{id}/like,200,,Like Thread Group 1-10,text,true,,231,235,1,1,http://localhost:9002/community/post/35/like,2,0,0
1787375996926,3,PUT /community/post/{id}/like,200,,Like Thread Group 1-10,text,true,,231,235,1,1,http://localhost:9002/community/post/61/like,3,0,0
1787375996929,2,PUT /community/post/{id}/like,200,,Like Thread Group 1-10,text,true,,231,235,1,1,http://localhost:9002/community/post/67/like,2,0,0
1787375996931,2,PUT /community/post/{id}/like,200,,Like Thread Group 1-10,text,true,,231,235,1,1,http://localhost:9002/community/post/36/like,2,0,0
1787375996933,1,PUT /community/post/{id}/like,200,,Like Thread Group 1-10,text,true,,231,234,1,1,http://localhost:9002/community/post/6/like,1,0,0
1787375996935,2,PUT /community/post/{id}/like,200,,Like Thread Group 1-10,text,true,,231,235,1,1,http://localhost:9002/community/post/65/like,2,0,0
1787375996937,2,PUT /community/post/{id}/like,200,,Like Thread Group 1-10,text,true,,231,235,1,1,http://localhost:9002/community/post/16/like,2,0,0
1787375996939,1,PUT /community/post/{id}/like,200,,Like Thread Group 1-10,text,true,,231,234,1,1,http://localhost:9002/community/post/3/like,1,0,0
1787375996941,1,PUT /community/post/{id}/like,200,,Like Thread Group 1-10,text,true,,231,235,1,1,http://localhost:9002/community/post/74/like,1,0,0
1787375996942,2,PUT /community/post/{id}/like,200,,Like Thread Group 1-10,text,true,,231,235,1,1,http://localhost:9002/community/post/88/like,2,0,0
1787375996944,3,PUT /community/post/{id}/like,200,,Like Thread Group 1-10,text,true,,231,235,1,1,http://localhost:9002/community/post/18/like,3,0,0
1787375996948,2,PUT /community/post/{id}/like,200,,Like Thread Group 1-10,text,true,,231,235,1,1,http://localhost:9002/community/post/43/like,2,0,0
1787375996950,2,PUT /community/post/{id}/like,200,,Like Thread Group 1-10,text,true,,231,235,1,1,http://localhost:9002/community/post/92/like,2,0,0
1787375996952,2,PUT /community/post/{id}/like,200,,Like Thread Group 1-10,text,true,,231,235,1,1,http://localhost:9002/community/post/22/like,2,0,0
1787375996955,1,PUT /community/post/{id}/like,200,,Like Thread Group 1-10,text,true,,231,235,1,1,http://localhost:9002/community/post/24/like,1,0,0
1787375996957,2,PUT /community/post/{id}/like,200,,Like Thread Group 1-10,text,true,,231,235,1,1,http://localhost:9002/community/post/91/like,2,0,0
1787375996960,2,PUT /community/post/{id}/like,200,,Like Thread Group 1-10,text,true,,231,234,1,1,http://localhost:9002/community/post/6/like,2,0,0
1787375996962,2,PUT /community/post/{id}/like,200,,Like Thread Group 1-10,text,true,,231,235,1,1,http://localhost:9002/community/post/98/like,2,0,0
1787375996965,2,PUT /community/post/{id}/like,200,,Like Thread Group 1-10,text,true,,231,235,1,1,http://localhost:9002/community/post/83/like,2,0,0
1787375996967,2,PUT /community/post/{id}/like,200,,Like Thread Group 1-10,text,true,,231,234,1,1,http://localhost:9002/community/post/5/like,2,0,0
1787375996970,1,PUT /community/post/{id}/like,200,,Like Thread Group 1-10,text,true,,231,235,1,1,http://localhost:9002/community/post/46/like,1,0,0
1787375996972,2,PUT /community/post/{id}/like,200,,Like Thread Group 1-10,text,true,,231,235,1,1,http://localhost:9002/community/post/60/like,2,0,0
1787375996974,2,PUT /community/post/{id}/like,200,,Like Thread Group 1-10,text,true,,231,235,1,1,http://localhost:9002/community/post/89/like,2,0,0
1787375996976,2,PUT /community/post/{id}/like,200,,Like Thread Group 1-10,text,true,,231,235,1,1,http://localhost:9002/community/post/58/like,2,0,0
1787375996979,1,PUT /community/post/{id}/like,200,,Like Thread Group 1-10,text,true,,231,235,1,1,http://localhost:9002/community/post/26/like,1,0,0
1787375996981,3,PUT /community/post/{id}/like,200,,Like Thread Group 1-10,text,true,,231,235,1,1,http://localhost:9002/community/post/51/like,2,0,0
1787375996984,1,PUT /community/post/{id}/like,200,,Like Thread Group 1-10,text,true,,231,235,1,1,http://localhost:9002/community/post/92/like,1,0,0
1787375997374,3,PUT /community/post/{id}/like,200,,Like Thread Group 1-11,text,true,,231,235,1,1,http://localhost:9002/community/post/30/like,2,0,0
1787375997377,2,PUT /community/post/{id}/like,200,,Like Thread Group 1-11,text,true,,231,235,1,1,http://localhost:9002/community/post/44/like,2,0,0
1787375997380,1,PUT /community/post/{id}/like,200,,Like Thread Group 1-11,text,true,,231,235,1,1,http://localhost:9002/community/post/46/like,1,0,0
1787375997382,2,PUT /community/post/{id}/like,200,,Like Thread Group 1-11,text,true,,231,235,1,1,http://localhost:9002/community/post/64/like,2,0,0
1787375997384,4,PUT /community/post/{id}/like,200,,Like Thread Group 1-11,text,true,,231,235,1,1,http://localhost:9002/community/post/94/like,4,0,0
1787375997388,2,PUT /community/post/{id}/like,200,,Like Thread Group 1-11,text,true,,231,235,1,1,http://localhost:9002/community/post/86/like,2,0,0
1787375997390,2,PUT /community/post/{id}/like,200,,Like Thread Group 1-11,text,true,,231,235,1,1,http://localhost:9002/community/post/57/like,2,0,0
1787375997393,2,PUT /community/post/{id}/like,200,,Like Thread Group 1-11,text,true,,231,235,1,1,http://localhost:9002/community/post/73/like,2,0,0
1787375997395,3,PUT /community/post/{id}/like,200,,Like Thread Group 1-11,text,true,,231,235,1,1,http://localhost:9002/community/post/90/like,3,0,0
1787375997398,2,PUT /community/post/{id}/like,200,,Like Thread Group 1-11,text,true,,231,235,1,1,http://localhost:9002/community/post/40/like,2,0,0
1787375997400,2,PUT /community/post/{id}/like,200,,Like Thread Group 1-11,text,true,,231,235,1,1,http://localhost:9002/community/post/57/like,2,0,0
1787375997403,4,PUT /community/post/{id}/like,200,,Like Thread Group 1-11,text,true,,231,235,1,1,http://localhost:9002/community/post/21/like,4,0,0
1787375997408,1,PUT /community/post/{id}/like,200,,Like Thread Group 1-11,text,true,,231,235,1,1,http://localhost:9002/community/post/23/like,1,0,0
1787375997410,2,PUT /community/post/{id}/like,200,,Like Thread Group 1-11,text,true,,231,235,1,1,http://localhost:9002/community/post/91/like,2,0,0
1787375997412,2,PUT /community/post/{id}/like,200,,Like Thread Group 1-11,text,true,,231,235,1,1,http://localhost:9002/community/post/84/like,2,0,0
1787375997414,2,PUT /community/post/{id}/like,200,,Like Thread Group 1-11,text,true,,231,235,1,1,http://localhost:9002/community/post/62/like,2,0,0
1787375997417,3,PUT /community/post/{id}/like,200,,Like Thread Group 1-11,text,true,,231,235,1,1,http://localhost:9002/community/post/94/like,2,0,0
1787375997420,3,PUT /community/post/{id}/like,200,,Like Thread Group 1-11,text,true,,231,235,1,1,http://localhost:9002/community/post/58/like,2,0,0
1787375997423,2,PUT /community/post/{id}/like,200,,Like Thread Group 1-11,text,true,,231,235,1,1,http://localhost:9002/community/post/28/like,2,0,0
1787375997425,2,PUT /community/post/{id}/like,200,,Like Thread Group 1-11,text,true,,231,235,1,1,http://localhost:9002/community/post/85/like,2,0,0
1787375997427,2,PUT /community/post/{id}/like,200,,Like Thread Group 1-11,text,true,,231,235,1,1,http://localhost:9002/community/post/58/like,2,0,0
1787375997429,1,PUT /community/post/{id}/like,200,,Like Thread Group 1-11,text,true,,231,235,1,1,http://localhost:9002/community/post/52/like,1,0,0
1787375997431,2,PUT /community/post/{id}/like,200,,Like Thread Group 1-11,text,true,,231,234,1,1,http://localhost:9002/community/post/6/like,1,0,0
1787375997433,1,PUT /community/post/{id}/like,200,,Like Thread Group 1-11,text,true,,231,235,1,1,http://localhost:9002/community/post/71/like,1,0,0
1787375997434,2,PUT /community/post/{id}/like,200,,Like Thread Group 1-11,text,true,,231,235,1,1,http://localhost:9002/community/post/20/like,2,0,0
1787375997437,2,PUT /community/post/{id}/like,200,,Like Thread Group 1-11,text,true,,231,235,1,1,http://localhost:9002/community/post/91/like,2,0,0
1787375997439,1,PUT /community/post/{id}/like,200,,Like Thread Group 1-11,text,true,,231,235,1,1,http://localhost:9002/community/post/53/like,1,0,0
1787375997441,1,PUT /community/post/{id}/like,200,,Like Thread Group 1-11,text,true,,231,235,1,1,http://localhost:9002/community/post/23/like,1,0,0
1787375997442,3,PUT /community/post/{id}/like,200,,Like Thread Group 1-11,text,true,,231,235,1,1,http://localhost:9002/community/post/86/like,3,0,0
1787375997445,2,PUT /community/post/{id}/like,200,,Like Thread Group 1-11,text,true,,231,235,1,1,http://localhost:9002/community/post/57/like,2,0,0
1787375997447,2,PUT /community/post/{id}/like,200,,Like Thread Group 1-11,text,true,,231,234,1,1,http://localhost:9002/community/post/2/like,2,0,0
1787375997450,1,PUT /community/post/{id}/like,200,,Like Thread Group 1-11,text,true,,231,235,1,1,http://localhost:9002/community/post/80/like,1,0,0
1787375997452,1,PUT /community/post/{id}/like,200,,Like Thread Group 1-11,text,true,,231,234,1,1,http://localhost:9002/community/post/7/like,1,0,0
1787375997454,1,PUT /community/post/{id}/like,200,,Like Thread Group 1-11,text,true,,231,235,1,1,http://localhost:9002/community/post/67/like,1,0,0
1787375997456,1,PUT /community/post/{id}/like,200,,Like Thread Group 1-11,text,true,,231,234,1,1,http://localhost:9002/community/post/8/like,1,0,0
1787375997458,1,PUT /community/post/{id}/like,200,,Like Thread Group 1-11,text,true,,231,235,1,1,http://localhost:9002/community/post/97/like,1,0,0
1787375997460,1,PUT /community/post/{id}/like,200,,Like Thread Group 1-11,text,true,,231,235,1,1,http://localhost:9002/community/post/35/like,1,0,0
1787375997462,2,PUT /community/post/{id}/like,200,,Like Thread Group 1-11,text,true,,231,235,1,1,http://localhost:9002/community/post/66/like,2,0,0
1787375997465,1,PUT /community/post/{id}/like,200,,Like Thread Group 1-11,text,true,,231,235,1,1,http://localhost:9002/community/post/37/like,1,0,0
1787375997466,2,PUT /community/post/{id}/like,200,,Like Thread Group 1-11,text,true,,231,235,1,1,http://localhost:9002/community/post/23/like,2,0,0
1787375997469,2,PUT /community/post/{id}/like,200,,Like Thread Group 1-11,text,true,,231,235,1,1,http://localhost:9002/community/post/69/like,2,0,0
1787375997471,3,PUT /community/post/{id}/like,200,,Like Thread Group 1-11,text,true,,231,235,1,1,http://localhost:9002/community/post/65/like,2,0,0
1787375997474,2,PUT /community/post/{id}/like,200,,Like Thread Group 1-11,text,true,,231,235,1,1,http://localhost:9002/community/post/20/like,2,0,0
1787375997476,3,PUT /community/post/{id}/like,200,,Like Thread Group 1-11,text,true,,231,234,1,1,http://localhost:9002/community/post/9/like,3,0,0
1787375997479,2,PUT /community/post/{id}/like,200,,Like Thread Group 1-11,text,true,,231,235,1,1,http://localhost:9002/community/post/98/like,2,0,0
1787375997481,2,PUT /community/post/{id}/like,200,,Like Thread Group 1-11,text,true,,231,235,1,1,http://localhost:9002/community/post/65/like,2,0,0
1787375997484,2,PUT /community/post/{id}/like,200,,Like Thread Group 1-11,text,true,,231,235,1,1,http://localhost:9002/community/post/39/like,2,0,0
1787375997486,2,PUT /community/post/{id}/like,200,,Like Thread Group 1-11,text,true,,231,235,1,1,http://localhost:9002/community/post/88/like,2,0,0
1787375997488,2,PUT /community/post/{id}/like,200,,Like Thread Group 1-11,text,true,,231,235,1,1,http://localhost:9002/community/post/30/like,2,0,0
1787375997490,2,PUT /community/post/{id}/like,200,,Like Thread Group 1-11,text,true,,231,235,1,1,http://localhost:9002/community/post/69/like,2,0,0
1787375997874,3,PUT /community/post/{id}/like,200,,Like Thread Group 1-12,text,true,,231,235,1,1,http://localhost:9002/community/post/67/like,3,0,1
1787375997877,2,PUT /community/post/{id}/like,200,,Like Thread Group 1-12,text,true,,231,235,1,1,http://localhost:9002/community/post/42/like,2,0,0
1787375997880,1,PUT /community/post/{id}/like,200,,Like Thread Group 1-12,text,true,,231,235,1,1,http://localhost:9002/community/post/39/like,1,0,0
1787375997881,2,PUT /community/post/{id}/like,200,,Like Thread Group 1-12,text,true,,231,235,1,1,http://localhost:9002/community/post/28/like,2,0,0
1787375997883,2,PUT /community/post/{id}/like,200,,Like Thread Group 1-12,text,true,,231,235,1,1,http://localhost:9002/community/post/60/like,2,0,0
1787375997885,3,PUT /community/post/{id}/like,200,,Like Thread Group 1-12,text,true,,231,235,1,1,http://localhost:9002/community/post/30/like,3,0,0
1787375997888,2,PUT /community/post/{id}/like,200,,Like Thread Group 1-12,text,true,,231,235,1,1,http://localhost:9002/community/post/11/like,2,0,0
1787375997890,2,PUT /community/post/{id}/like,200,,Like Thread Group 1-12,text,true,,231,235,1,1,http://localhost:9002/community/post/47/like,2,0,0
1787375997892,2,PUT /community/post/{id}/like,200,,Like Thread Group 1-12,text,true,,231,235,1,1,http://localhost:9002/community/post/96/like,2,0,0
1787375997894,2,PUT /community/post/{id}/like,200,,Like Thread Group 1-12,text,true,,231,235,1,1,http://localhost:9002/community/post/35/like,1,0,0
1787375997896,1,PUT /community/post/{id}/like,200,,Like Thread Group 1-12,text,true,,231,235,1,1,http://localhost:9002/community/post/97/like,1,0,0
1787375997897,2,PUT /community/post/{id}/like,200,,Like Thread Group 1-12,text,true,,231,235,1,1,http://localhost:9002/community/post/15/like,2,0,0
1787375997899,1,PUT /community/post/{id}/like,200,,Like Thread Group 1-12,text,true,,231,235,1,1,http://localhost:9002/community/post/82/like,1,0,0
1787375997901,2,PUT /community/post/{id}/like,200,,Like Thread Group 1-12,text,true,,231,235,1,1,http://localhost:9002/community/post/27/like,2,0,0
1787375997903,2,PUT /community/post/{id}/like,200,,Like Thread Group 1-12,text,true,,231,235,1,1,http://localhost:9002/community/post/92/like,2,0,0
1787375997905,2,PUT /community/post/{id}/like,200,,Like Thread Group 1-12,text,true,,231,235,1,1,http://localhost:9002/community/post/87/like,2,0,0
1787375997907,2,PUT /community/post/{id}/like,200,,Like Thread Group 1-12,text,true,,231,235,1,1,http://localhost:9002/community/post/81/like,2,0,0
1787375997909,2,PUT /community/post/{id}/like,200,,Like Thread Group 1-12,text,true,,231,234,1,1,http://localhost:9002/community/post/3/like,2,0,0
1787375997911,2,PUT /community/post/{id}/like,200,,Like Thread Group 1-12,text,true,,231,235,1,1,http://localhost:9002/community/post/21/like,2,0,0
1787375997913,2,PUT /community/post/{id}/like,200,,Like Thread Group 1-12,text,true,,231,235,1,1,http://localhost:9002/community/post/23/like,2,0,0
1787375997915,2,PUT /community/post/{id}/like,200,,Like Thread Group 1-12,text,true,,231,235,1,1,http://localhost:9002/community/post/17/like,1,0,0
1787375997917,2,PUT /community/post/{id}/like,200,,Like Thread Group 1-12,text,true,,231,235,1,1,http://localhost:9002/community/post/32/like,2,0,0
1787375997919,2,PUT /community/post/{id}/like,200,,Like Thread Group 1-12,text,true,,231,235,1,1,http://localhost:9002/community/post/92/like,2,0,0
1787375997921,2,PUT /community/post/{id}/like,200,,Like Thread Group 1-12,text,true,,231,235,1,1,http://localhost:9002/community/post/20/like,2,0,0
1787375997923,2,PUT /community/post/{id}/like,200,,Like Thread Group 1-12,text,true,,231,235,1,1,http://localhost:9002/community/post/20/like,2,0,0
1787375997925,2,PUT /community/post/{id}/like,200,,Like Thread Group 1-12,text,true,,231,235,1,1,http://localhost:9002/community/post/82/like,2,0,0
1787375997927,2,PUT /community/post/{id}/like,200,,Like Thread Group 1-12,text,true,,231,235,1,1,http://localhost:9002/community/post/39/like,2,0,0
1787375997929,2,PUT /community/post/{id}/like,200,,Like Thread Group 1-12,text,true,,231,235,1,1,http://localhost:9002/community/post/68/like,2,0,0
1787375997931,2,PUT /community/post/{id}/like,200,,Like Thread Group 1-12,text,true,,231,235,1,1,http://localhost:9002/community/post/99/like,2,0,0
1787375997933,2,PUT /community/post/{id}/like,200,,Like Thread Group 1-12,text,true,,231,235,1,1,http://localhost:9002/community/post/52/like,2,0,0
1787375997935,2,PUT /community/post/{id}/like,200,,Like Thread Group 1-12,text,true,,231,234,1,1,http://localhost:9002/community/post/1/like,2,0,0
1787375997937,1,PUT /community/post/{id}/like,200,,Like Thread Group 1-12,text,true,,231,235,1,1,http://localhost:9002/community/post/64/like,1,0,0
1787375997938,1,PUT /community/post/{id}/like,200,,Like Thread Group 1-12,text,true,,231,235,1,1,http://localhost:9002/community/post/65/like,1,0,0
1787375997940,1,PUT /community/post/{id}/like,200,,Like Thread Group 1-12,text,true,,231,234,1,1,http://localhost:9002/community/post/6/like,1,0,0
1787375997941,2,PUT /community/post/{id}/like,200,,Like Thread Group 1-12,text,true,,231,235,1,1,http://localhost:9002/community/post/23/like,2,0,0
1787375997944,1,PUT /community/post/{id}/like,200,,Like Thread Group 1-12,text,true,,231,235,1,1,http://localhost:9002/community/post/23/like,1,0,0
1787375997946,1,PUT /community/post/{id}/like,200,,Like Thread Group 1-12,text,true,,231,235,1,1,http://localhost:9002/community/post/15/like,1,0,0
1787375997947,2,PUT /community/post/{id}/like,200,,Like Thread Group 1-12,text,true,,231,235,1,1,http://localhost:9002/community/post/33/like,2,0,0
1787375997949,3,PUT /community/post/{id}/like,200,,Like Thread Group 1-12,text,true,,231,235,1,1,http://localhost:9002/community/post/41/like,3,0,0
1787375997952,2,PUT /community/post/{id}/like,200,,Like Thread Group 1-12,text,true,,231,235,1,1,http://localhost:9002/community/post/43/like,2,0,0
1787375997954,2,PUT /community/post/{id}/like,200,,Like Thread Group 1-12,text,true,,231,235,1,1,http://localhost:9002/community/post/95/like,2,0,0
1787375997956,1,PUT /community/post/{id}/like,200,,Like Thread Group 1-12,text,true,,231,234,1,1,http://localhost:9002/community/post/6/like,1,0,0
1787375997958,1,PUT /community/post/{id}/like,200,,Like Thread Group 1-12,text,true,,231,235,1,1,http://localhost:9002/community/post/27/like,1,0,0
1787375997959,2,PUT /community/post/{id}/like,200,,Like Thread Group 1-12,text,true,,231,235,1,1,http://localhost:9002/community/post/28/like,1,0,0
1787375997961,1,PUT /community/post/{id}/like,200,,Like Thread Group 1-12,text,true,,231,235,1,1,http://localhost:9002/community/post/93/like,1,0,0
1787375997963,2,PUT /community/post/{id}/like,200,,Like Thread Group 1-12,text,true,,231,235,1,1,http://localhost:9002/community/post/11/like,2,0,0
1787375997966,1,PUT /community/post/{id}/like,200,,Like Thread Group 1-12,text,true,,231,235,1,1,http://localhost:9002/community/post/20/like,1,0,0
1787375997968,2,PUT /community/post/{id}/like,200,,Like Thread Group 1-12,text,true,,231,235,1,1,http://localhost:9002/community/post/49/like,2,0,0
1787375997970,2,PUT /community/post/{id}/like,200,,Like Thread Group 1-12,text,true,,231,235,1,1,http://localhost:9002/community/post/30/like,2,0,0
1787375997972,2,PUT /community/post/{id}/like,200,,Like Thread Group 1-12,text,true,,231,235,1,1,http://localhost:9002/community/post/76/like,2,0,0
1787375998373,3,PUT /community/post/{id}/like,200,,Like Thread Group 1-13,text,true,,231,235,1,1,http://localhost:9002/community/post/67/like,3,0,1
1787375998376,2,PUT /community/post/{id}/like,200,,Like Thread Group 1-13,text,true,,231,235,1,1,http://localhost:9002/community/post/34/like,2,0,0
1787375998378,2,PUT /community/post/{id}/like,200,,Like Thread Group 1-13,text,true,,231,235,1,1,http://localhost:9002/community/post/73/like,2,0,0
1787375998380,2,PUT /community/post/{id}/like,200,,Like Thread Group 1-13,text,true,,231,235,1,1,http://localhost:9002/community/post/94/like,2,0,0
1787375998382,1,PUT /community/post/{id}/like,200,,Like Thread Group 1-13,text,true,,231,235,1,1,http://localhost:9002/community/post/46/like,1,0,0
1787375998383,2,PUT /community/post/{id}/like,200,,Like Thread Group 1-13,text,true,,231,235,1,1,http://localhost:9002/community/post/83/like,2,0,0
1787375998385,2,PUT /community/post/{id}/like,200,,Like Thread Group 1-13,text,true,,231,234,1,1,http://localhost:9002/community/post/3/like,2,0,0
1787375998388,1,PUT /community/post/{id}/like,200,,Like Thread Group 1-13,text,true,,231,235,1,1,http://localhost:9002/community/post/67/like,1,0,0
1787375998390,1,PUT /community/post/{id}/like,200,,Like Thread Group 1-13,text,true,,231,235,1,1,http://localhost:9002/community/post/92/like,1,0,0
1787375998391,2,PUT /community/post/{id}/like,200,,Like Thread Group 1-13,text,true,,231,235,1,1,http://localhost:9002/community/post/33/like,2,0,0
1787375998393,1,PUT /community/post/{id}/like,200,,Like Thread Group 1-13,text,true,,231,235,1,1,http://localhost:9002/community/post/24/like,1,0,0
1787375998395,2,PUT /community/post/{id}/like,200,,Like Thread Group 1-13,text,true,,231,234,1,1,http://localhost:9002/community/post/3/like,2,0,0
1787375998398,2,PUT /community/post/{id}/like,200,,Like Thread Group 1-13,text,true,,231,235,1,1,http://localhost:9002/community/post/93/like,2,0,0
1787375998400,2,PUT /community/post/{id}/like,200,,Like Thread Group 1-13,text,true,,231,235,1,1,http://localhost:9002/community/post/26/like,2,0,0
1787375998402,2,PUT /community/post/{id}/like,200,,Like Thread Group 1-13,text,true,,231,235,1,1,http://localhost:9002/community/post/25/like,2,0,0
1787375998404,2,PUT /community/post/{id}/like,200,,Like Thread Group 1-13,text,true,,231,235,1,1,http://localhost:9002/community/post/74/like,2,0,0
1787375998406,1,PUT /community/post/{id}/like,200,,Like Thread Group 1-13,text,true,,231,235,1,1,http://localhost:9002/community/post/53/like,1,0,0
1787375998407,2,PUT /community/post/{id}/like,200,,Like Thread Group 1-13,text,true,,231,235,1,1,http://localhost:9002/community/post/76/like,2,0,0
1787375998409,1,PUT /community/post/{id}/like,200,,Like Thread Group 1-13,text,true,,231,235,1,1,http://localhost:9002/community/post/36/like,1,0,0
1787375998411,1,PUT /community/post/{id}/like,200,,Like Thread Group 1-13,text,true,,231,235,1,1,http://localhost:9002/community/post/41/like,1,0,0
1787375998412,2,PUT /community/post/{id}/like,200,,Like Thread Group 1-13,text,true,,231,234,1,1,http://localhost:9002/community/post/6/like,2,0,0
1787375998414,2,PUT /community/post/{id}/like,200,,Like Thread Group 1-13,text,true,,231,235,1,1,http://localhost:9002/community/post/51/like,2,0,0
1787375998416,2,PUT /community/post/{id}/like,200,,Like Thread Group 1-13,text,true,,231,235,1,1,http://localhost:9002/community/post/95/like,2,0,0
1787375998418,2,PUT /community/post/{id}/like,200,,Like Thread Group 1-13,text,true,,231,235,1,1,http://localhost:9002/community/post/14/like,2,0,0
1787375998420,2,PUT /community/post/{id}/like,200,,Like Thread Group 1-13,text,true,,231,235,1,1,http://localhost:9002/community/post/40/like,2,0,0
1787375998422,2,PUT /community/post/{id}/like,200,,Like Thread Group 1-13,text,true,,231,235,1,1,http://localhost:9002/community/post/36/like,2,0,0
1787375998424,2,PUT /community/post/{id}/like,200,,Like Thread Group 1-13,text,true,,231,235,1,1,http://localhost:9002/community/post/62/like,2,0,0
1787375998426,2,PUT /community/post/{id}/like,200,,Like Thread Group 1-13,text,true,,231,235,1,1,http://localhost:9002/community/post/77/like,2,0,0
1787375998428,2,PUT /community/post/{id}/like,200,,Like Thread Group 1-13,text,true,,231,235,1,1,http://localhost:9002/community/post/92/like,2,0,0
1787375998430,2,PUT /community/post/{id}/like,200,,Like Thread Group 1-13,text,true,,231,235,1,1,http://localhost:9002/community/post/40/like,2,0,0
1787375998432,2,PUT /community/post/{id}/like,200,,Like Thread Group 1-13,text,true,,231,235,1,1,http://localhost:9002/community/post/91/like,2,0,0
1787375998434,2,PUT /community/post/{id}/like,200,,Like Thread Group 1-13,text,true,,231,235,1,1,http://localhost:9002/community/post/18/like,2,0,0
1787375998436,2,PUT /community/post/{id}/like,200,,Like Thread Group 1-13,text,true,,231,235,1,1,http://localhost:9002/community/post/44/like,2,0,0
1787375998438,2,PUT /community/post/{id}/like,200,,Like Thread Group 1-13,text,true,,231,235,1,1,http://localhost:9002/community/post/33/like,2,0,0
1787375998440,2,PUT /community/post/{id}/like,200,,Like Thread Group 1-13,text,true,,231,235,1,1,http://localhost:9002/community/post/29/like,2,0,0
1787375998442,2,PUT /community/post/{id}/like,200,,Like Thread Group 1-13,text,true,,231,235,1,1,http://localhost:9002/community/post/79/like,2,0,0
1787375998445,1,PUT /community/post/{id}/like,200,,Like Thread Group 1-13,text,true,,231,235,1,1,http://localhost:9002/community/post/63/like,1,0,0
1787375998447,1,PUT /community/post/{id}/like,200,,Like Thread Group 1-13,text,true,,231,235,1,1,http://localhost:9002/community/post/94/like,1,0,0
1787375998449,1,PUT /community/post/{id}/like,200,,Like Thread Group 1-13,text,true,,231,235,1,1,http://localhost:9002/community/post/60/like,1,0,0
1787375998451,2,PUT /community/post/{id}/like,200,,Like Thread Group 1-13,text,true,,231,235,1,1,http://localhost:9002/community/post/94/like,2,0,0
1787375998453,2,PUT /community/post/{id}/like,200,,Like Thread Group 1-13,text,true,,231,234,1,1,http://localhost:9002/community/post/8/like,2,0,0
1787375998456,2,PUT /community/post/{id}/like,200,,Like Thread Group 1-13,text,true,,231,235,1,1,http://localhost:9002/community/post/71/like,2,0,0
1787375998459,2,PUT /community/post/{id}/like,200,,Like Thread Group 1-13,text,true,,231,235,1,1,http://localhost:9002/community/post/81/like,2,0,0
1787375998462,2,PUT /community/post/{id}/like,200,,Like Thread Group 1-13,text,true,,231,235,1,1,http://localhost:9002/community/post/25/like,1,0,0
1787375998464,2,PUT /community/post/{id}/like,200,,Like Thread Group 1-13,text,true,,231,235,1,1,http://localhost:9002/community/post/67/like,2,0,0
1787375998466,2,PUT /community/post/{id}/like,200,,Like Thread Group 1-13,text,true,,231,235,1,1,http://localhost:9002/community/post/35/like,2,0,0
1787375998469,2,PUT /community/post/{id}/like,200,,Like Thread Group 1-13,text,true,,231,235,1,1,http://localhost:9002/community/post/64/like,2,0,0
1787375998471,2,PUT /community/post/{id}/like,200,,Like Thread Group 1-13,text,true,,231,235,1,1,http://localhost:9002/community/post/81/like,2,0,0
1787375998473,2,PUT /community/post/{id}/like,200,,Like Thread Group 1-13,text,true,,231,234,1,1,http://localhost:9002/community/post/5/like,2,0,0
1787375998475,2,PUT /community/post/{id}/like,200,,Like Thread Group 1-13,text,true,,231,235,1,1,http://localhost:9002/community/post/15/like,2,0,0
1787375998880,3,PUT /community/post/{id}/like,200,,Like Thread Group 1-14,text,true,,231,235,1,1,http://localhost:9002/community/post/69/like,3,0,1
1787375998884,2,PUT /community/post/{id}/like,200,,Like Thread Group 1-14,text,true,,231,235,1,1,http://localhost:9002/community/post/54/like,2,0,0
1787375998887,2,PUT /community/post/{id}/like,200,,Like Thread Group 1-14,text,true,,231,234,1,1,http://localhost:9002/community/post/6/like,2,0,0
1787375998889,2,PUT /community/post/{id}/like,200,,Like Thread Group 1-14,text,true,,231,235,1,1,http://localhost:9002/community/post/33/like,2,0,0
1787375998891,2,PUT /community/post/{id}/like,200,,Like Thread Group 1-14,text,true,,231,235,1,1,http://localhost:9002/community/post/79/like,2,0,0
1787375998893,2,PUT /community/post/{id}/like,200,,Like Thread Group 1-14,text,true,,231,235,1,1,http://localhost:9002/community/post/87/like,2,0,0
1787375998896,2,PUT /community/post/{id}/like,200,,Like Thread Group 1-14,text,true,,231,235,1,1,http://localhost:9002/community/post/39/like,2,0,0
1787375998898,2,PUT /community/post/{id}/like,200,,Like Thread Group 1-14,text,true,,231,235,1,1,http://localhost:9002/community/post/78/like,2,0,0
1787375998900,2,PUT /community/post/{id}/like,200,,Like Thread Group 1-14,text,true,,231,235,1,1,http://localhost:9002/community/post/97/like,2,0,0
1787375998903,2,PUT /community/post/{id}/like,200,,Like Thread Group 1-14,text,true,,231,235,1,1,http://localhost:9002/community/post/55/like,1,0,0
1787375998905,2,PUT /community/post/{id}/like,200,,Like Thread Group 1-14,text,true,,231,235,1,1,http://localhost:9002/community/post/49/like,2,0,0
1787375998907,2,PUT /community/post/{id}/like,200,,Like Thread Group 1-14,text,true,,231,235,1,1,http://localhost:9002/community/post/49/like,2,0,0
1787375998909,3,PUT /community/post/{id}/like,200,,Like Thread Group 1-14,text,true,,231,235,1,1,http://localhost:9002/community/post/57/like,3,0,0
1787375998912,2,PUT /community/post/{id}/like,200,,Like Thread Group 1-14,text,true,,231,235,1,1,http://localhost:9002/community/post/46/like,2,0,0
1787375998915,2,PUT /community/post/{id}/like,200,,Like Thread Group 1-14,text,true,,231,235,1,1,http://localhost:9002/community/post/10/like,2,0,0
1787375998917,2,PUT /community/post/{id}/like,200,,Like Thread Group 1-14,text,true,,231,235,1,1,http://localhost:9002/community/post/40/like,2,0,0
1787375998919,2,PUT /community/post/{id}/like,200,,Like Thread Group 1-14,text,true,,231,235,1,1,http://localhost:9002/community/post/12/like,2,0,0
1787375998921,2,PUT /community/post/{id}/like,200,,Like Thread Group 1-14,text,true,,231,235,1,1,http://localhost:9002/community/post/72/like,2,0,0
1787375998923,2,PUT /community/post/{id}/like,200,,Like Thread Group 1-14,text,true,,231,235,1,1,http://localhost:9002/community/post/73/like,2,0,0
1787375998925,2,PUT /community/post/{id}/like,200,,Like Thread Group 1-14,text,true,,231,234,1,1,http://localhost:9002/community/post/1/like,2,0,0
1787375998927,2,PUT /community/post/{id}/like,200,,Like Thread Group 1-14,text,true,,231,235,1,1,http://localhost:9002/community/post/10/like,2,0,0
1787375998929,2,PUT /community/post/{id}/like,200,,Like Thread Group 1-14,text,true,,231,235,1,1,http://localhost:9002/community/post/22/like,2,0,0
1787375998932,1,PUT /community/post/{id}/like,200,,Like Thread Group 1-14,text,true,,231,235,1,1,http://localhost:9002/community/post/34/like,1,0,0
1787375998934,2,PUT /community/post/{id}/like,200,,Like Thread Group 1-14,text,true,,231,235,1,1,http://localhost:9002/community/post/79/like,1,0,0
1787375998936,2,PUT /community/post/{id}/like,200,,Like Thread Group 1-14,text,true,,231,235,1,1,http://localhost:9002/community/post/53/like,1,0,0
1787375998938,1,PUT /community/post/{id}/like,200,,Like Thread Group 1-14,text,true,,231,235,1,1,http://localhost:9002/community/post/50/like,1,0,0
1787375998940,1,PUT /community/post/{id}/like,200,,Like Thread Group 1-14,text,true,,231,234,1,1,http://localhost:9002/community/post/1/like,1,0,0
1787375998941,2,PUT /community/post/{id}/like,200,,Like Thread Group 1-14,text,true,,231,235,1,1,http://localhost:9002/community/post/78/like,2,0,0
1787375998943,2,PUT /community/post/{id}/like,200,,Like Thread Group 1-14,text,true,,231,235,1,1,http://localhost:9002/community/post/67/like,2,0,0
1787375998945,2,PUT /community/post/{id}/like,200,,Like Thread Group 1-14,text,true,,231,235,1,1,http://localhost:9002/community/post/68/like,2,0,0
1787375998947,1,PUT /community/post/{id}/like,200,,Like Thread Group 1-14,text,true,,231,235,1,1,http://localhost:9002/community/post/74/like,1,0,0
1787375998948,2,PUT /community/post/{id}/like,200,,Like Thread Group 1-14,text,true,,231,235,1,1,http://localhost:9002/community/post/65/like,2,0,0
1787375998950,1,PUT /community/post/{id}/like,200,,Like Thread Group 1-14,text,true,,231,235,1,1,http://localhost:9002/community/post/52/like,1,0,0
1787375998951,2,PUT /community/post/{id}/like,200,,Like Thread Group 1-14,text,true,,231,235,1,1,http://localhost:9002/community/post/51/like,2,0,0
1787375998954,1,PUT /community/post/{id}/like,200,,Like Thread Group 1-14,text,true,,231,235,1,1,http://localhost:9002/community/post/53/like,1,0,0
1787375998956,2,PUT /community/post/{id}/like,200,,Like Thread Group 1-14,text,true,,231,235,1,1,http://localhost:9002/community/post/37/like,2,0,0
1787375998958,2,PUT /community/post/{id}/like,200,,Like Thread Group 1-14,text,true,,231,235,1,1,http://localhost:9002/community/post/50/like,2,0,0
1787375998960,2,PUT /community/post/{id}/like,200,,Like Thread Group 1-14,text,true,,231,235,1,1,http://localhost:9002/community/post/29/like,2,0,0
1787375998962,2,PUT /community/post/{id}/like,200,,Like Thread Group 1-14,text,true,,231,235,1,1,http://localhost:9002/community/post/21/like,2,0,0
1787375998965,2,PUT /community/post/{id}/like,200,,Like Thread Group 1-14,text,true,,231,235,1,1,http://localhost:9002/community/post/48/like,2,0,0
1787375998967,2,PUT /community/post/{id}/like,200,,Like Thread Group 1-14,text,true,,231,235,1,1,http://localhost:9002/community/post/41/like,2,0,0
1787375998969,1,PUT /community/post/{id}/like,200,,Like Thread Group 1-14,text,true,,231,235,1,1,http://localhost:9002/community/post/69/like,1,0,0
1787375998971,1,PUT /community/post/{id}/like,200,,Like Thread Group 1-14,text,true,,231,235,1,1,http://localhost:9002/community/post/76/like,1,0,0
1787375998973,2,PUT /community/post/{id}/like,200,,Like Thread Group 1-14,text,true,,231,235,1,1,http://localhost:9002/community/post/35/like,2,0,0
1787375998975,2,PUT /community/post/{id}/like,200,,Like Thread Group 1-14,text,true,,231,235,1,1,http://localhost:9002/community/post/70/like,2,0,0
1787375998977,2,PUT /community/post/{id}/like,200,,Like Thread Group 1-14,text,true,,231,235,1,1,http://localhost:9002/community/post/22/like,2,0,0
1787375998979,2,PUT /community/post/{id}/like,200,,Like Thread Group 1-14,text,true,,231,235,1,1,http://localhost:9002/community/post/99/like,2,0,0
1787375998981,2,PUT /community/post/{id}/like,200,,Like Thread Group 1-14,text,true,,231,235,1,1,http://localhost:9002/community/post/51/like,2,0,0
1787375998983,2,PUT /community/post/{id}/like,200,,Like Thread Group 1-14,text,true,,231,235,1,1,http://localhost:9002/community/post/34/like,2,0,0
1787375998985,2,PUT /community/post/{id}/like,200,,Like Thread Group 1-14,text,true,,231,235,1,1,http://localhost:9002/community/post/88/like,2,0,0
1787375999372,3,PUT /community/post/{id}/like,200,,Like Thread Group 1-15,text,true,,231,235,1,1,http://localhost:9002/community/post/84/like,3,0,1
1787375999375,2,PUT /community/post/{id}/like,200,,Like Thread Group 1-15,text,true,,231,235,1,1,http://localhost:9002/community/post/71/like,2,0,0
1787375999378,2,PUT /community/post/{id}/like,200,,Like Thread Group 1-15,text,true,,231,235,1,1,http://localhost:9002/community/post/16/like,2,0,0
1787375999380,2,PUT /community/post/{id}/like,200,,Like Thread Group 1-15,text,true,,231,235,1,1,http://localhost:9002/community/post/46/like,2,0,0
1787375999383,2,PUT /community/post/{id}/like,200,,Like Thread Group 1-15,text,true,,231,235,1,1,http://localhost:9002/community/post/98/like,1,0,0
1787375999385,2,PUT /community/post/{id}/like,200,,Like Thread Group 1-15,text,true,,231,235,1,1,http://localhost:9002/community/post/77/like,2,0,0
1787375999387,2,PUT /community/post/{id}/like,200,,Like Thread Group 1-15,text,true,,231,235,1,1,http://localhost:9002/community/post/52/like,2,0,0
1787375999390,2,PUT /community/post/{id}/like,200,,Like Thread Group 1-15,text,true,,231,235,1,1,http://localhost:9002/community/post/94/like,2,0,0
1787375999393,2,PUT /community/post/{id}/like,200,,Like Thread Group 1-15,text,true,,231,235,1,1,http://localhost:9002/community/post/63/like,2,0,0
1787375999395,2,PUT /community/post/{id}/like,200,,Like Thread Group 1-15,text,true,,231,235,1,1,http://localhost:9002/community/post/43/like,2,0,0
1787375999397,2,PUT /community/post/{id}/like,200,,Like Thread Group 1-15,text,true,,231,236,1,1,http://localhost:9002/community/post/100/like,2,0,0
1787375999399,2,PUT /community/post/{id}/like,200,,Like Thread Group 1-15,text,true,,231,235,1,1,http://localhost:9002/community/post/28/like,2,0,0
1787375999401,3,PUT /community/post/{id}/like,200,,Like Thread Group 1-15,text,true,,231,235,1,1,http://localhost:9002/community/post/18/like,3,0,0
1787375999404,2,PUT /community/post/{id}/like,200,,Like Thread Group 1-15,text,true,,231,235,1,1,http://localhost:9002/community/post/25/like,2,0,0
1787375999407,2,PUT /community/post/{id}/like,200,,Like Thread Group 1-15,text,true,,231,235,1,1,http://localhost:9002/community/post/17/like,2,0,0
1787375999409,2,PUT /community/post/{id}/like,200,,Like Thread Group 1-15,text,true,,231,235,1,1,http://localhost:9002/community/post/90/like,2,0,0
1787375999411,3,PUT /community/post/{id}/like,200,,Like Thread Group 1-15,text,true,,231,235,1,1,http://localhost:9002/community/post/90/like,2,0,0
1787375999414,2,PUT /community/post/{id}/like,200,,Like Thread Group 1-15,text,true,,231,235,1,1,http://localhost:9002/community/post/32/like,2,0,0
1787375999417,2,PUT /community/post/{id}/like,200,,Like Thread Group 1-15,text,true,,231,235,1,1,http://localhost:9002/community/post/84/like,2,0,0
1787375999419,2,PUT /community/post/{id}/like,200,,Like Thread Group 1-15,text,true,,231,235,1,1,http://localhost:9002/community/post/40/like,2,0,0
1787375999421,2,PUT /community/post/{id}/like,200,,Like Thread Group 1-15,text,true,,231,235,1,1,http://localhost:9002/community/post/22/like,2,0,0
1787375999423,2,PUT /community/post/{id}/like,200,,Like Thread Group 1-15,text,true,,231,235,1,1,http://localhost:9002/community/post/48/like,2,0,0
1787375999425,3,PUT /community/post/{id}/like,200,,Like Thread Group 1-15,text,true,,231,235,1,1,http://localhost:9002/community/post/23/like,3,0,0
1787375999428,2,PUT /community/post/{id}/like,200,,Like Thread Group 1-15,text,true,,231,236,1,1,http://localhost:9002/community/post/100/like,2,0,0
1787375999430,2,PUT /community/post/{id}/like,200,,Like Thread Group 1-15,text,true,,231,235,1,1,http://localhost:9002/community/post/76/like,2,0,0
1787375999432,2,PUT /community/post/{id}/like,200,,Like Thread Group 1-15,text,true,,231,235,1,1,http://localhost:9002/community/post/57/like,2,0,0
1787375999434,3,PUT /community/post/{id}/like,200,,Like Thread Group 1-15,text,true,,231,235,1,1,http://localhost:9002/community/post/49/like,3,0,0
1787375999437,2,PUT /community/post/{id}/like,200,,Like Thread Group 1-15,text,true,,231,235,1,1,http://localhost:9002/community/post/53/like,2,0,0
1787375999440,6,PUT /community/post/{id}/like,200,,Like Thread Group 1-15,text,true,,231,235,1,1,http://localhost:9002/community/post/70/like,5,0,0
1787375999446,3,PUT /community/post/{id}/like,200,,Like Thread Group 1-15,text,true,,231,235,1,1,http://localhost:9002/community/post/18/like,3,0,0
1787375999450,2,PUT /community/post/{id}/like,200,,Like Thread Group 1-15,text,true,,231,234,1,1,http://localhost:9002/community/post/5/like,2,0,0
1787375999453,2,PUT /community/post/{id}/like,200,,Like Thread Group 1-15,text,true,,231,235,1,1,http://localhost:9002/community/post/37/like,2,0,0
1787375999455,2,PUT /community/post/{id}/like,200,,Like Thread Group 1-15,text,true,,231,235,1,1,http://localhost:9002/community/post/17/like,2,0,0
1787375999457,2,PUT /community/post/{id}/like,200,,Like Thread Group 1-15,text,true,,231,235,1,1,http://localhost:9002/community/post/86/like,2,0,0
1787375999460,2,PUT /community/post/{id}/like,200,,Like Thread Group 1-15,text,true,,231,235,1,1,http://localhost:9002/community/post/54/like,2,0,0
1787375999462,2,PUT /community/post/{id}/like,200,,Like Thread Group 1-15,text,true,,231,235,1,1,http://localhost:9002/community/post/15/like,2,0,0
1787375999465,1,PUT /community/post/{id}/like,200,,Like Thread Group 1-15,text,true,,231,235,1,1,http://localhost:9002/community/post/98/like,1,0,0
1787375999467,2,PUT /community/post/{id}/like,200,,Like Thread Group 1-15,text,true,,231,235,1,1,http://localhost:9002/community/post/56/like,2,0,0
1787375999470,8,PUT /community/post/{id}/like,200,,Like Thread Group 1-15,text,true,,231,235,1,1,http://localhost:9002/community/post/53/like,7,0,0
1787375999478,4,PUT /community/post/{id}/like,200,,Like Thread Group 1-15,text,true,,231,235,1,1,http://localhost:9002/community/post/11/like,4,0,0
1787375999482,2,PUT /community/post/{id}/like,200,,Like Thread Group 1-15,text,true,,231,235,1,1,http://localhost:9002/community/post/54/like,2,0,0
1787375999485,2,PUT /community/post/{id}/like,200,,Like Thread Group 1-15,text,true,,231,235,1,1,http://localhost:9002/community/post/45/like,2,0,0
1787375999487,2,PUT /community/post/{id}/like,200,,Like Thread Group 1-15,text,true,,231,235,1,1,http://localhost:9002/community/post/88/like,2,0,0
1787375999490,2,PUT /community/post/{id}/like,200,,Like Thread Group 1-15,text,true,,231,235,1,1,http://localhost:9002/community/post/40/like,2,0,0
1787375999492,2,PUT /community/post/{id}/like,200,,Like Thread Group 1-15,text,true,,231,235,1,1,http://localhost:9002/community/post/40/like,2,0,0
1787375999495,2,PUT /community/post/{id}/like,200,,Like Thread Group 1-15,text,true,,231,235,1,1,http://localhost:9002/community/post/61/like,2,0,0
1787375999497,1,PUT /community/post/{id}/like,200,,Like Thread Group 1-15,text,true,,231,235,1,1,http://localhost:9002/community/post/56/like,1,0,0
1787375999499,3,PUT /community/post/{id}/like,200,,Like Thread Group 1-15,text,true,,231,235,1,1,http://localhost:9002/community/post/33/like,2,0,0
1787375999502,2,PUT /community/post/{id}/like,200,,Like Thread Group 1-15,text,true,,231,235,1,1,http://localhost:9002/community/post/80/like,2,0,0
1787375999504,2,PUT /community/post/{id}/like,200,,Like Thread Group 1-15,text,true,,231,235,1,1,http://localhost:9002/community/post/51/like,2,0,0
1787375999872,2,PUT /community/post/{id}/like,200,,Like Thread Group 1-16,text,true,,231,235,1,1,http://localhost:9002/community/post/83/like,2,0,0
1787375999875,2,PUT /community/post/{id}/like,200,,Like Thread Group 1-16,text,true,,231,235,1,1,http://localhost:9002/community/post/23/like,2,0,0
1787375999878,2,PUT /community/post/{id}/like,200,,Like Thread Group 1-16,text,true,,231,235,1,1,http://localhost:9002/community/post/92/like,1,0,0
1787375999880,3,PUT /community/post/{id}/like,200,,Like Thread Group 1-16,text,true,,231,235,1,1,http://localhost:9002/community/post/70/like,3,0,0
1787375999883,2,PUT /community/post/{id}/like,200,,Like Thread Group 1-16,text,true,,231,235,1,1,http://localhost:9002/community/post/20/like,2,0,0
1787375999885,3,PUT /community/post/{id}/like,200,,Like Thread Group 1-16,text,true,,231,236,1,1,http://localhost:9002/community/post/100/like,3,0,0
1787375999888,2,PUT /community/post/{id}/like,200,,Like Thread Group 1-16,text,true,,231,235,1,1,http://localhost:9002/community/post/87/like,2,0,0
1787375999891,2,PUT /community/post/{id}/like,200,,Like Thread Group 1-16,text,true,,231,235,1,1,http://localhost:9002/community/post/34/like,2,0,0
1787375999893,2,PUT /community/post/{id}/like,200,,Like Thread Group 1-16,text,true,,231,235,1,1,http://localhost:9002/community/post/93/like,2,0,0
1787375999896,2,PUT /community/post/{id}/like,200,,Like Thread Group 1-16,text,true,,231,235,1,1,http://localhost:9002/community/post/11/like,2,0,0
1787375999898,2,PUT /community/post/{id}/like,200,,Like Thread Group 1-16,text,true,,231,235,1,1,http://localhost:9002/community/post/87/like,2,0,0
1787375999900,3,PUT /community/post/{id}/like,200,,Like Thread Group 1-16,text,true,,231,235,1,1,http://localhost:9002/community/post/93/like,3,0,0
1787375999903,2,PUT /community/post/{id}/like,200,,Like Thread Group 1-16,text,true,,231,235,1,1,http://localhost:9002/community/post/15/like,2,0,0
1787375999905,2,PUT /community/post/{id}/like,200,,Like Thread Group 1-16,text,true,,231,235,1,1,http://localhost:9002/community/post/86/like,2,0,0
1787375999907,3,PUT /community/post/{id}/like,200,,Like Thread Group 1-16,text,true,,231,235,1,1,http://localhost:9002/community/post/18/like,2,0,0
1787375999910,3,PUT /community/post/{id}/like,200,,Like Thread Group 1-16,text,true,,231,235,1,1,http://localhost:9002/community/post/53/like,2,0,0
1787375999913,2,PUT /community/post/{id}/like,200,,Like Thread Group 1-16,text,true,,231,235,1,1,http://localhost:9002/community/post/67/like,2,0,0
1787375999915,3,PUT /community/post/{id}/like,200,,Like Thread Group 1-16,text,true,,231,235,1,1,http://localhost:9002/community/post/53/like,3,0,0
1787375999919,2,PUT /community/post/{id}/like,200,,Like Thread Group 1-16,text,true,,231,235,1,1,http://localhost:9002/community/post/18/like,2,0,0
1787375999921,3,PUT /community/post/{id}/like,200,,Like Thread Group 1-16,text,true,,231,235,1,1,http://localhost:9002/community/post/76/like,2,0,0
1787375999924,2,PUT /community/post/{id}/like,200,,Like Thread Group 1-16,text,true,,231,235,1,1,http://localhost:9002/community/post/83/like,2,0,0
1787375999926,3,PUT /community/post/{id}/like,200,,Like Thread Group 1-16,text,true,,231,235,1,1,http://localhost:9002/community/post/12/like,3,0,0
1787375999929,2,PUT /community/post/{id}/like,200,,Like Thread Group 1-16,text,true,,231,235,1,1,http://localhost:9002/community/post/18/like,2,0,0
1787375999932,2,PUT /community/post/{id}/like,200,,Like Thread Group 1-16,text,true,,231,235,1,1,http://localhost:9002/community/post/87/like,1,0,0
1787375999934,2,PUT /community/post/{id}/like,200,,Like Thread Group 1-16,text,true,,231,235,1,1,http://localhost:9002/community/post/11/like,2,0,0
1787375999936,3,PUT /community/post/{id}/like,200,,Like Thread Group 1-16,text,true,,231,235,1,1,http://localhost:9002/community/post/94/like,2,0,0
1787375999939,2,PUT /community/post/{id}/like,200,,Like Thread Group 1-16,text,true,,231,235,1,1,http://localhost:9002/community/post/55/like,2,0,0
1787375999941,2,PUT /community/post/{id}/like,200,,Like Thread Group 1-16,text,true,,231,234,1,1,http://localhost:9002/community/post/4/like,2,0,0
1787375999943,2,PUT /community/post/{id}/like,200,,Like Thread Group 1-16,text,true,,231,235,1,1,http://localhost:9002/community/post/81/like,2,0,0
1787375999945,2,PUT /community/post/{id}/like,200,,Like Thread Group 1-16,text,true,,231,235,1,1,http://localhost:9002/community/post/59/like,2,0,0
1787375999948,2,PUT /community/post/{id}/like,200,,Like Thread Group 1-16,text,true,,231,235,1,1,http://localhost:9002/community/post/46/like,2,0,0
1787375999950,2,PUT /community/post/{id}/like,200,,Like Thread Group 1-16,text,true,,231,235,1,1,http://localhost:9002/community/post/51/like,2,0,0
1787375999953,2,PUT /community/post/{id}/like,200,,Like Thread Group 1-16,text,true,,231,235,1,1,http://localhost:9002/community/post/65/like,2,0,0
1787375999956,1,PUT /community/post/{id}/like,200,,Like Thread Group 1-16,text,true,,231,235,1,1,http://localhost:9002/community/post/21/like,1,0,0
1787375999958,2,PUT /community/post/{id}/like,200,,Like Thread Group 1-16,text,true,,231,235,1,1,http://localhost:9002/community/post/63/like,2,0,0
1787375999960,2,PUT /community/post/{id}/like,200,,Like Thread Group 1-16,text,true,,231,235,1,1,http://localhost:9002/community/post/15/like,2,0,0
1787375999962,2,PUT /community/post/{id}/like,200,,Like Thread Group 1-16,text,true,,231,235,1,1,http://localhost:9002/community/post/70/like,2,0,0
1787375999965,1,PUT /community/post/{id}/like,200,,Like Thread Group 1-16,text,true,,231,235,1,1,http://localhost:9002/community/post/60/like,1,0,0
1787375999966,2,PUT /community/post/{id}/like,200,,Like Thread Group 1-16,text,true,,231,235,1,1,http://localhost:9002/community/post/62/like,2,0,0
1787375999969,2,PUT /community/post/{id}/like,200,,Like Thread Group 1-16,text,true,,231,235,1,1,http://localhost:9002/community/post/69/like,2,0,0
1787375999971,2,PUT /community/post/{id}/like,200,,Like Thread Group 1-16,text,true,,231,234,1,1,http://localhost:9002/community/post/2/like,2,0,0
1787375999973,2,PUT /community/post/{id}/like,200,,Like Thread Group 1-16,text,true,,231,235,1,1,http://localhost:9002/community/post/69/like,2,0,0
1787375999975,2,PUT /community/post/{id}/like,200,,Like Thread Group 1-16,text,true,,231,235,1,1,http://localhost:9002/community/post/79/like,2,0,0
1787375999977,2,PUT /community/post/{id}/like,200,,Like Thread Group 1-16,text,true,,231,235,1,1,http://localhost:9002/community/post/90/like,2,0,0
1787375999979,2,PUT /community/post/{id}/like,200,,Like Thread Group 1-16,text,true,,231,235,1,1,http://localhost:9002/community/post/18/like,2,0,0
1787375999981,2,PUT /community/post/{id}/like,200,,Like Thread Group 1-16,text,true,,231,236,1,1,http://localhost:9002/community/post/100/like,2,0,0
1787375999984,1,PUT /community/post/{id}/like,200,,Like Thread Group 1-16,text,true,,231,235,1,1,http://localhost:9002/community/post/46/like,1,0,0
1787375999986,2,PUT /community/post/{id}/like,200,,Like Thread Group 1-16,text,true,,231,235,1,1,http://localhost:9002/community/post/87/like,1,0,0
1787375999988,2,PUT /community/post/{id}/like,200,,Like Thread Group 1-16,text,true,,231,235,1,1,http://localhost:9002/community/post/71/like,2,0,0
1787375999990,2,PUT /community/post/{id}/like,200,,Like Thread Group 1-16,text,true,,231,235,1,1,http://localhost:9002/community/post/63/like,2,0,0
1787376000372,3,PUT /community/post/{id}/like,200,,Like Thread Group 1-17,text,true,,231,235,1,1,http://localhost:9002/community/post/28/like,3,0,1
1787376000377,2,PUT /community/post/{id}/like,200,,Like Thread Group 1-17,text,true,,231,235,1,1,http://localhost:9002/community/post/87/like,1,0,0
1787376000379,2,PUT /community/post/{id}/like,200,,Like Thread Group 1-17,text,true,,231,235,1,1,http://localhost:9002/community/post/78/like,2,0,0
1787376000381,2,PUT /community/post/{id}/like,200,,Like Thread Group 1-17,text,true,,231,235,1,1,http://localhost:9002/community/post/55/like,2,0,0
1787376000383,2,PUT /community/post/{id}/like,200,,Like Thread Group 1-17,text,true,,231,235,1,1,http://localhost:9002/community/post/34/like,2,0,0
1787376000385,1,PUT /community/post/{id}/like,200,,Like Thread Group 1-17,text,true,,231,234,1,1,http://localhost:9002/community/post/3/like,1,0,0
1787376000387,1,PUT /community/post/{id}/like,200,,Like Thread Group 1-17,text,true,,231,235,1,1,http://localhost:9002/community/post/95/like,1,0,0
1787376000388,2,PUT /community/post/{id}/like,200,,Like Thread Group 1-17,text,true,,231,235,1,1,http://localhost:9002/community/post/18/like,2,0,0
1787376000390,2,PUT /community/post/{id}/like,200,,Like Thread Group 1-17,text,true,,231,235,1,1,http://localhost:9002/community/post/75/like,2,0,0
1787376000392,2,PUT /community/post/{id}/like,200,,Like Thread Group 1-17,text,true,,231,235,1,1,http://localhost:9002/community/post/58/like,2,0,0
1787376000394,2,PUT /community/post/{id}/like,200,,Like Thread Group 1-17,text,true,,231,235,1,1,http://localhost:9002/community/post/39/like,2,0,0
1787376000396,1,PUT /community/post/{id}/like,200,,Like Thread Group 1-17,text,true,,231,235,1,1,http://localhost:9002/community/post/87/like,1,0,0
1787376000398,1,PUT /community/post/{id}/like,200,,Like Thread Group 1-17,text,true,,231,235,1,1,http://localhost:9002/community/post/75/like,1,0,0
1787376000399,1,PUT /community/post/{id}/like,200,,Like Thread Group 1-17,text,true,,231,235,1,1,http://localhost:9002/community/post/29/like,1,0,0
1787376000400,2,PUT /community/post/{id}/like,200,,Like Thread Group 1-17,text,true,,231,235,1,1,http://localhost:9002/community/post/10/like,2,0,0
1787376000402,2,PUT /community/post/{id}/like,200,,Like Thread Group 1-17,text,true,,231,235,1,1,http://localhost:9002/community/post/99/like,2,0,0
1787376000404,2,PUT /community/post/{id}/like,200,,Like Thread Group 1-17,text,true,,231,235,1,1,http://localhost:9002/community/post/69/like,2,0,0
1787376000406,2,PUT /community/post/{id}/like,200,,Like Thread Group 1-17,text,true,,231,235,1,1,http://localhost:9002/community/post/19/like,2,0,0
1787376000408,2,PUT /community/post/{id}/like,200,,Like Thread Group 1-17,text,true,,231,235,1,1,http://localhost:9002/community/post/27/like,2,0,0
1787376000410,2,PUT /community/post/{id}/like,200,,Like Thread Group 1-17,text,true,,231,235,1,1,http://localhost:9002/community/post/22/like,2,0,0
1787376000412,2,PUT /community/post/{id}/like,200,,Like Thread Group 1-17,text,true,,231,235,1,1,http://localhost:9002/community/post/21/like,2,0,0
1787376000414,2,PUT /community/post/{id}/like,200,,Like Thread Group 1-17,text,true,,231,234,1,1,http://localhost:9002/community/post/1/like,2,0,0
1787376000417,1,PUT /community/post/{id}/like,200,,Like Thread Group 1-17,text,true,,231,235,1,1,http://localhost:9002/community/post/65/like,1,0,0
1787376000419,1,PUT /community/post/{id}/like,200,,Like Thread Group 1-17,text,true,,231,235,1,1,http://localhost:9002/community/post/25/like,1,0,0
1787376000421,2,PUT /community/post/{id}/like,200,,Like Thread Group 1-17,text,true,,231,235,1,1,http://localhost:9002/community/post/54/like,2,0,0
1787376000423,2,PUT /community/post/{id}/like,200,,Like Thread Group 1-17,text,true,,231,235,1,1,http://localhost:9002/community/post/56/like,2,0,0
1787376000425,2,PUT /community/post/{id}/like,200,,Like Thread Group 1-17,text,true,,231,235,1,1,http://localhost:9002/community/post/63/like,2,0,0
1787376000427,2,PUT /community/post/{id}/like,200,,Like Thread Group 1-17,text,true,,231,235,1,1,http://localhost:9002/community/post/84/like,2,0,0
1787376000429,1,PUT /community/post/{id}/like,200,,Like Thread Group 1-17,text,true,,231,235,1,1,http://localhost:9002/community/post/90/like,1,0,0
1787376000431,2,PUT /community/post/{id}/like,200,,Like Thread Group 1-17,text,true,,231,235,1,1,http://localhost:9002/community/post/71/like,2,0,0
1787376000433,2,PUT /community/post/{id}/like,200,,Like Thread Group 1-17,text,true,,231,235,1,1,http://localhost:9002/community/post/77/like,2,0,0
1787376000435,2,PUT /community/post/{id}/like,200,,Like Thread Group 1-17,text,true,,231,235,1,1,http://localhost:9002/community/post/31/like,2,0,0
1787376000437,1,PUT /community/post/{id}/like,200,,Like Thread Group 1-17,text,true,,231,235,1,1,http://localhost:9002/community/post/77/like,1,0,0
1787376000438,1,PUT /community/post/{id}/like,200,,Like Thread Group 1-17,text,true,,231,235,1,1,http://localhost:9002/community/post/43/like,1,0,0
1787376000440,1,PUT /community/post/{id}/like,200,,Like Thread Group 1-17,text,true,,231,234,1,1,http://localhost:9002/community/post/7/like,1,0,0
1787376000442,1,PUT /community/post/{id}/like,200,,Like Thread Group 1-17,text,true,,231,235,1,1,http://localhost:9002/community/post/70/like,1,0,0
1787376000443,2,PUT /community/post/{id}/like,200,,Like Thread Group 1-17,text,true,,231,235,1,1,http://localhost:9002/community/post/83/like,2,0,0
1787376000445,2,PUT /community/post/{id}/like,200,,Like Thread Group 1-17,text,true,,231,235,1,1,http://localhost:9002/community/post/96/like,2,0,0
1787376000447,1,PUT /community/post/{id}/like,200,,Like Thread Group 1-17,text,true,,231,235,1,1,http://localhost:9002/community/post/48/like,1,0,0
1787376000448,2,PUT /community/post/{id}/like,200,,Like Thread Group 1-17,text,true,,231,235,1,1,http://localhost:9002/community/post/27/like,2,0,0
1787376000451,1,PUT /community/post/{id}/like,200,,Like Thread Group 1-17,text,true,,231,235,1,1,http://localhost:9002/community/post/55/like,1,0,0
1787376000452,2,PUT /community/post/{id}/like,200,,Like Thread Group 1-17,text,true,,231,235,1,1,http://localhost:9002/community/post/91/like,2,0,0
1787376000455,1,PUT /community/post/{id}/like,200,,Like Thread Group 1-17,text,true,,231,235,1,1,http://localhost:9002/community/post/79/like,1,0,0
1787376000457,2,PUT /community/post/{id}/like,200,,Like Thread Group 1-17,text,true,,231,234,1,1,http://localhost:9002/community/post/6/like,2,0,0
1787376000459,1,PUT /community/post/{id}/like,200,,Like Thread Group 1-17,text,true,,231,234,1,1,http://localhost:9002/community/post/4/like,1,0,0
1787376000461,1,PUT /community/post/{id}/like,200,,Like Thread Group 1-17,text,true,,231,234,1,1,http://localhost:9002/community/post/1/like,1,0,0
1787376000462,2,PUT /community/post/{id}/like,200,,Like Thread Group 1-17,text,true,,231,235,1,1,http://localhost:9002/community/post/80/like,2,0,0
1787376000464,2,PUT /community/post/{id}/like,200,,Like Thread Group 1-17,text,true,,231,235,1,1,http://localhost:9002/community/post/86/like,2,0,0
1787376000466,1,PUT /community/post/{id}/like,200,,Like Thread Group 1-17,text,true,,231,235,1,1,http://localhost:9002/community/post/25/like,1,0,0
1787376000468,2,PUT /community/post/{id}/like,200,,Like Thread Group 1-17,text,true,,231,235,1,1,http://localhost:9002/community/post/17/like,2,0,0
1787376000872,3,PUT /community/post/{id}/like,200,,Like Thread Group 1-18,text,true,,231,235,1,1,http://localhost:9002/community/post/94/like,3,0,1
1787376000876,2,PUT /community/post/{id}/like,200,,Like Thread Group 1-18,text,true,,231,235,1,1,http://localhost:9002/community/post/12/like,2,0,0
1787376000879,2,PUT /community/post/{id}/like,200,,Like Thread Group 1-18,text,true,,231,235,1,1,http://localhost:9002/community/post/59/like,2,0,0
1787376000881,3,PUT /community/post/{id}/like,200,,Like Thread Group 1-18,text,true,,231,234,1,1,http://localhost:9002/community/post/6/like,2,0,0
1787376000884,2,PUT /community/post/{id}/like,200,,Like Thread Group 1-18,text,true,,231,234,1,1,http://localhost:9002/community/post/1/like,2,0,0
1787376000886,2,PUT /community/post/{id}/like,200,,Like Thread Group 1-18,text,true,,231,235,1,1,http://localhost:9002/community/post/99/like,2,0,0
1787376000888,2,PUT /community/post/{id}/like,200,,Like Thread Group 1-18,text,true,,231,235,1,1,http://localhost:9002/community/post/66/like,2,0,0
1787376000890,2,PUT /community/post/{id}/like,200,,Like Thread Group 1-18,text,true,,231,235,1,1,http://localhost:9002/community/post/82/like,2,0,0
1787376000892,1,PUT /community/post/{id}/like,200,,Like Thread Group 1-18,text,true,,231,235,1,1,http://localhost:9002/community/post/68/like,1,0,0
1787376000893,2,PUT /community/post/{id}/like,200,,Like Thread Group 1-18,text,true,,231,235,1,1,http://localhost:9002/community/post/38/like,2,0,0
1787376000896,2,PUT /community/post/{id}/like,200,,Like Thread Group 1-18,text,true,,231,235,1,1,http://localhost:9002/community/post/74/like,2,0,0
1787376000898,2,PUT /community/post/{id}/like,200,,Like Thread Group 1-18,text,true,,231,235,1,1,http://localhost:9002/community/post/63/like,2,0,0
1787376000900,2,PUT /community/post/{id}/like,200,,Like Thread Group 1-18,text,true,,231,235,1,1,http://localhost:9002/community/post/75/like,2,0,0
1787376000902,2,PUT /community/post/{id}/like,200,,Like Thread Group 1-18,text,true,,231,235,1,1,http://localhost:9002/community/post/46/like,2,0,0
1787376000904,2,PUT /community/post/{id}/like,200,,Like Thread Group 1-18,text,true,,231,235,1,1,http://localhost:9002/community/post/91/like,2,0,0
1787376000906,2,PUT /community/post/{id}/like,200,,Like Thread Group 1-18,text,true,,231,235,1,1,http://localhost:9002/community/post/24/like,2,0,0
1787376000908,3,PUT /community/post/{id}/like,200,,Like Thread Group 1-18,text,true,,231,235,1,1,http://localhost:9002/community/post/53/like,3,0,0
1787376000911,2,PUT /community/post/{id}/like,200,,Like Thread Group 1-18,text,true,,231,235,1,1,http://localhost:9002/community/post/90/like,2,0,0
1787376000913,2,PUT /community/post/{id}/like,200,,Like Thread Group 1-18,text,true,,231,235,1,1,http://localhost:9002/community/post/29/like,2,0,0
1787376000915,2,PUT /community/post/{id}/like,200,,Like Thread Group 1-18,text,true,,231,235,1,1,http://localhost:9002/community/post/76/like,2,0,0
1787376000917,2,PUT /community/post/{id}/like,200,,Like Thread Group 1-18,text,true,,231,235,1,1,http://localhost:9002/community/post/43/like,2,0,0
1787376000919,2,PUT /community/post/{id}/like,200,,Like Thread Group 1-18,text,true,,231,235,1,1,http://localhost:9002/community/post/52/like,2,0,0
1787376000921,1,PUT /community/post/{id}/like,200,,Like Thread Group 1-18,text,true,,231,235,1,1,http://localhost:9002/community/post/59/like,1,0,0
1787376000923,2,PUT /community/post/{id}/like,200,,Like Thread Group 1-18,text,true,,231,235,1,1,http://localhost:9002/community/post/19/like,2,0,0
1787376000925,1,PUT /community/post/{id}/like,200,,Like Thread Group 1-18,text,true,,231,235,1,1,http://localhost:9002/community/post/41/like,1,0,0
1787376000927,1,PUT /community/post/{id}/like,200,,Like Thread Group 1-18,text,true,,231,234,1,1,http://localhost:9002/community/post/5/like,1,0,0
1787376000929,2,PUT /community/post/{id}/like,200,,Like Thread Group 1-18,text,true,,231,236,1,1,http://localhost:9002/community/post/100/like,2,0,0
1787376000931,2,PUT /community/post/{id}/like,200,,Like Thread Group 1-18,text,true,,231,235,1,1,http://localhost:9002/community/post/74/like,2,0,0
1787376000933,2,PUT /community/post/{id}/like,200,,Like Thread Group 1-18,text,true,,231,235,1,1,http://localhost:9002/community/post/57/like,2,0,0
1787376000935,2,PUT /community/post/{id}/like,200,,Like Thread Group 1-18,text,true,,231,235,1,1,http://localhost:9002/community/post/26/like,2,0,0
1787376000937,1,PUT /community/post/{id}/like,200,,Like Thread Group 1-18,text,true,,231,235,1,1,http://localhost:9002/community/post/85/like,1,0,0
1787376000939,1,PUT /community/post/{id}/like,200,,Like Thread Group 1-18,text,true,,231,235,1,1,http://localhost:9002/community/post/65/like,1,0,0
1787376000940,2,PUT /community/post/{id}/like,200,,Like Thread Group 1-18,text,true,,231,235,1,1,http://localhost:9002/community/post/29/like,2,0,0
1787376000943,1,PUT /community/post/{id}/like,200,,Like Thread Group 1-18,text,true,,231,235,1,1,http://localhost:9002/community/post/71/like,1,0,0
1787376000944,2,PUT /community/post/{id}/like,200,,Like Thread Group 1-18,text,true,,231,235,1,1,http://localhost:9002/community/post/24/like,2,0,0
1787376000947,1,PUT /community/post/{id}/like,200,,Like Thread Group 1-18,text,true,,231,235,1,1,http://localhost:9002/community/post/94/like,1,0,0
1787376000948,3,PUT /community/post/{id}/like,200,,Like Thread Group 1-18,text,true,,231,234,1,1,http://localhost:9002/community/post/6/like,2,0,0
1787376000951,2,PUT /community/post/{id}/like,200,,Like Thread Group 1-18,text,true,,231,235,1,1,http://localhost:9002/community/post/63/like,2,0,0
1787376000953,2,PUT /community/post/{id}/like,200,,Like Thread Group 1-18,text,true,,231,235,1,1,http://localhost:9002/community/post/68/like,2,0,0
1787376000955,2,PUT /community/post/{id}/like,200,,Like Thread Group 1-18,text,true,,231,235,1,1,http://localhost:9002/community/post/18/like,2,0,0
1787376000957,2,PUT /community/post/{id}/like,200,,Like Thread Group 1-18,text,true,,231,235,1,1,http://localhost:9002/community/post/23/like,1,0,0
1787376000959,1,PUT /community/post/{id}/like,200,,Like Thread Group 1-18,text,true,,231,235,1,1,http://localhost:9002/community/post/22/like,1,0,0
1787376000960,3,PUT /community/post/{id}/like,200,,Like Thread Group 1-18,text,true,,231,235,1,1,http://localhost:9002/community/post/82/like,3,0,0
1787376000963,1,PUT /community/post/{id}/like,200,,Like Thread Group 1-18,text,true,,231,234,1,1,http://localhost:9002/community/post/1/like,1,0,0
1787376000965,1,PUT /community/post/{id}/like,200,,Like Thread Group 1-18,text,true,,231,235,1,1,http://localhost:9002/community/post/72/like,1,0,0
1787376000966,2,PUT /community/post/{id}/like,200,,Like Thread Group 1-18,text,true,,231,235,1,1,http://localhost:9002/community/post/10/like,2,0,0
1787376000968,2,PUT /community/post/{id}/like,200,,Like Thread Group 1-18,text,true,,231,235,1,1,http://localhost:9002/community/post/83/like,2,0,0
1787376000970,2,PUT /community/post/{id}/like,200,,Like Thread Group 1-18,text,true,,231,235,1,1,http://localhost:9002/community/post/49/like,2,0,0
1787376000973,2,PUT /community/post/{id}/like,200,,Like Thread Group 1-18,text,true,,231,235,1,1,http://localhost:9002/community/post/12/like,2,0,0
1787376000975,3,PUT /community/post/{id}/like,200,,Like Thread Group 1-18,text,true,,231,235,1,1,http://localhost:9002/community/post/70/like,3,0,0
1787376001372,2,PUT /community/post/{id}/like,200,,Like Thread Group 1-19,text,true,,231,235,1,1,http://localhost:9002/community/post/74/like,2,0,1
1787376001375,2,PUT /community/post/{id}/like,200,,Like Thread Group 1-19,text,true,,231,235,1,1,http://localhost:9002/community/post/12/like,2,0,0
1787376001378,1,PUT /community/post/{id}/like,200,,Like Thread Group 1-19,text,true,,231,235,1,1,http://localhost:9002/community/post/36/like,1,0,0
1787376001379,2,PUT /community/post/{id}/like,200,,Like Thread Group 1-19,text,true,,231,234,1,1,http://localhost:9002/community/post/5/like,2,0,0
1787376001382,1,PUT /community/post/{id}/like,200,,Like Thread Group 1-19,text,true,,231,235,1,1,http://localhost:9002/community/post/55/like,1,0,0
1787376001384,1,PUT /community/post/{id}/like,200,,Like Thread Group 1-19,text,true,,231,235,1,1,http://localhost:9002/community/post/24/like,1,0,0
1787376001385,2,PUT /community/post/{id}/like,200,,Like Thread Group 1-19,text,true,,231,235,1,1,http://localhost:9002/community/post/75/like,2,0,0
1787376001387,1,PUT /community/post/{id}/like,200,,Like Thread Group 1-19,text,true,,231,235,1,1,http://localhost:9002/community/post/16/like,1,0,0
1787376001388,1,PUT /community/post/{id}/like,200,,Like Thread Group 1-19,text,true,,231,236,1,1,http://localhost:9002/community/post/100/like,1,0,0
1787376001390,1,PUT /community/post/{id}/like,200,,Like Thread Group 1-19,text,true,,231,235,1,1,http://localhost:9002/community/post/50/like,1,0,0
1787376001391,2,PUT /community/post/{id}/like,200,,Like Thread Group 1-19,text,true,,231,235,1,1,http://localhost:9002/community/post/26/like,2,0,0
1787376001393,1,PUT /community/post/{id}/like,200,,Like Thread Group 1-19,text,true,,231,235,1,1,http://localhost:9002/community/post/39/like,1,0,0
1787376001394,2,PUT /community/post/{id}/like,200,,Like Thread Group 1-19,text,true,,231,235,1,1,http://localhost:9002/community/post/93/like,2,0,0
1787376001396,2,PUT /community/post/{id}/like,200,,Like Thread Group 1-19,text,true,,231,235,1,1,http://localhost:9002/community/post/73/like,2,0,0
1787376001398,2,PUT /community/post/{id}/like,200,,Like Thread Group 1-19,text,true,,231,235,1,1,http://localhost:9002/community/post/69/like,2,0,0
1787376001400,2,PUT /community/post/{id}/like,200,,Like Thread Group 1-19,text,true,,231,235,1,1,http://localhost:9002/community/post/62/like,2,0,0
1787376001402,2,PUT /community/post/{id}/like,200,,Like Thread Group 1-19,text,true,,231,235,1,1,http://localhost:9002/community/post/92/like,1,0,0
1787376001404,2,PUT /community/post/{id}/like,200,,Like Thread Group 1-19,text,true,,231,235,1,1,http://localhost:9002/community/post/83/like,2,0,0
1787376001406,1,PUT /community/post/{id}/like,200,,Like Thread Group 1-19,text,true,,231,235,1,1,http://localhost:9002/community/post/49/like,1,0,0
1787376001408,1,PUT /community/post/{id}/like,200,,Like Thread Group 1-19,text,true,,231,235,1,1,http://localhost:9002/community/post/52/like,1,0,0
1787376001410,1,PUT /community/post/{id}/like,200,,Like Thread Group 1-19,text,true,,231,235,1,1,http://localhost:9002/community/post/88/like,1,0,0
1787376001411,2,PUT /community/post/{id}/like,200,,Like Thread Group 1-19,text,true,,231,235,1,1,http://localhost:9002/community/post/41/like,2,0,0
1787376001414,1,PUT /community/post/{id}/like,200,,Like Thread Group 1-19,text,true,,231,235,1,1,http://localhost:9002/community/post/41/like,1,0,0
1787376001416,1,PUT /community/post/{id}/like,200,,Like Thread Group 1-19,text,true,,231,234,1,1,http://localhost:9002/community/post/1/like,1,0,0
1787376001417,1,PUT /community/post/{id}/like,200,,Like Thread Group 1-19,text,true,,231,235,1,1,http://localhost:9002/community/post/20/like,1,0,0
1787376001419,1,PUT /community/post/{id}/like,200,,Like Thread Group 1-19,text,true,,231,235,1,1,http://localhost:9002/community/post/91/like,1,0,0
1787376001420,1,PUT /community/post/{id}/like,200,,Like Thread Group 1-19,text,true,,231,235,1,1,http://localhost:9002/community/post/57/like,1,0,0
1787376001421,1,PUT /community/post/{id}/like,200,,Like Thread Group 1-19,text,true,,231,234,1,1,http://localhost:9002/community/post/3/like,1,0,0
1787376001423,1,PUT /community/post/{id}/like,200,,Like Thread Group 1-19,text,true,,231,235,1,1,http://localhost:9002/community/post/37/like,1,0,0
1787376001424,1,PUT /community/post/{id}/like,200,,Like Thread Group 1-19,text,true,,231,235,1,1,http://localhost:9002/community/post/68/like,1,0,0
1787376001425,2,PUT /community/post/{id}/like,200,,Like Thread Group 1-19,text,true,,231,234,1,1,http://localhost:9002/community/post/3/like,2,0,0
1787376001427,2,PUT /community/post/{id}/like,200,,Like Thread Group 1-19,text,true,,231,235,1,1,http://localhost:9002/community/post/54/like,1,0,0
1787376001429,2,PUT /community/post/{id}/like,200,,Like Thread Group 1-19,text,true,,231,235,1,1,http://localhost:9002/community/post/85/like,1,0,0
1787376001431,1,PUT /community/post/{id}/like,200,,Like Thread Group 1-19,text,true,,231,235,1,1,http://localhost:9002/community/post/55/like,1,0,0
1787376001433,1,PUT /community/post/{id}/like,200,,Like Thread Group 1-19,text,true,,231,235,1,1,http://localhost:9002/community/post/93/like,1,0,0
1787376001434,2,PUT /community/post/{id}/like,200,,Like Thread Group 1-19,text,true,,231,235,1,1,http://localhost:9002/community/post/15/like,2,0,0
1787376001436,1,PUT /community/post/{id}/like,200,,Like Thread Group 1-19,text,true,,231,235,1,1,http://localhost:9002/community/post/13/like,1,0,0
1787376001437,1,PUT /community/post/{id}/like,200,,Like Thread Group 1-19,text,true,,231,235,1,1,http://localhost:9002/community/post/58/like,1,0,0
1787376001439,1,PUT /community/post/{id}/like,200,,Like Thread Group 1-19,text,true,,231,235,1,1,http://localhost:9002/community/post/60/like,1,0,0
1787376001441,2,PUT /community/post/{id}/like,200,,Like Thread Group 1-19,text,true,,231,235,1,1,http://localhost:9002/community/post/90/like,2,0,0
1787376001443,2,PUT /community/post/{id}/like,200,,Like Thread Group 1-19,text,true,,231,235,1,1,http://localhost:9002/community/post/73/like,2,0,0
1787376001445,2,PUT /community/post/{id}/like,200,,Like Thread Group 1-19,text,true,,231,235,1,1,http://localhost:9002/community/post/59/like,1,0,0
1787376001447,1,PUT /community/post/{id}/like,200,,Like Thread Group 1-19,text,true,,231,235,1,1,http://localhost:9002/community/post/85/like,1,0,0
1787376001449,1,PUT /community/post/{id}/like,200,,Like Thread Group 1-19,text,true,,231,235,1,1,http://localhost:9002/community/post/22/like,1,0,0
1787376001451,1,PUT /community/post/{id}/like,200,,Like Thread Group 1-19,text,true,,231,235,1,1,http://localhost:9002/community/post/38/like,1,0,0
1787376001452,2,PUT /community/post/{id}/like,200,,Like Thread Group 1-19,text,true,,231,235,1,1,http://localhost:9002/community/post/40/like,2,0,0
1787376001454,1,PUT /community/post/{id}/like,200,,Like Thread Group 1-19,text,true,,231,234,1,1,http://localhost:9002/community/post/3/like,1,0,0
1787376001455,1,PUT /community/post/{id}/like,200,,Like Thread Group 1-19,text,true,,231,235,1,1,http://localhost:9002/community/post/70/like,1,0,0
1787376001456,3,PUT /community/post/{id}/like,200,,Like Thread Group 1-19,text,true,,231,234,1,1,http://localhost:9002/community/post/9/like,2,0,0
1787376001459,2,PUT /community/post/{id}/like,200,,Like Thread Group 1-19,text,true,,231,235,1,1,http://localhost:9002/community/post/21/like,2,0,0
1787376001872,3,PUT /community/post/{id}/like,200,,Like Thread Group 1-20,text,true,,231,234,1,1,http://localhost:9002/community/post/6/like,3,0,0
1787376001876,2,PUT /community/post/{id}/like,200,,Like Thread Group 1-20,text,true,,231,235,1,1,http://localhost:9002/community/post/29/like,2,0,0
1787376001878,3,PUT /community/post/{id}/like,200,,Like Thread Group 1-20,text,true,,231,235,1,1,http://localhost:9002/community/post/81/like,3,0,0
1787376001881,2,PUT /community/post/{id}/like,200,,Like Thread Group 1-20,text,true,,231,235,1,1,http://localhost:9002/community/post/77/like,2,0,0
1787376001883,2,PUT /community/post/{id}/like,200,,Like Thread Group 1-20,text,true,,231,235,1,1,http://localhost:9002/community/post/87/like,2,0,0
1787376001885,2,PUT /community/post/{id}/like,200,,Like Thread Group 1-20,text,true,,231,235,1,1,http://localhost:9002/community/post/21/like,2,0,0
1787376001887,2,PUT /community/post/{id}/like,200,,Like Thread Group 1-20,text,true,,231,235,1,1,http://localhost:9002/community/post/46/like,2,0,0
1787376001889,3,PUT /community/post/{id}/like,200,,Like Thread Group 1-20,text,true,,231,235,1,1,http://localhost:9002/community/post/85/like,2,0,0
1787376001892,2,PUT /community/post/{id}/like,200,,Like Thread Group 1-20,text,true,,231,235,1,1,http://localhost:9002/community/post/16/like,2,0,0
1787376001895,2,PUT /community/post/{id}/like,200,,Like Thread Group 1-20,text,true,,231,235,1,1,http://localhost:9002/community/post/45/like,2,0,0
1787376001897,2,PUT /community/post/{id}/like,200,,Like Thread Group 1-20,text,true,,231,234,1,1,http://localhost:9002/community/post/9/like,2,0,0
1787376001900,2,PUT /community/post/{id}/like,200,,Like Thread Group 1-20,text,true,,231,235,1,1,http://localhost:9002/community/post/85/like,2,0,0
1787376001903,2,PUT /community/post/{id}/like,200,,Like Thread Group 1-20,text,true,,231,235,1,1,http://localhost:9002/community/post/54/like,2,0,0
1787376001905,3,PUT /community/post/{id}/like,200,,Like Thread Group 1-20,text,true,,231,235,1,1,http://localhost:9002/community/post/65/like,3,0,0
1787376001908,2,PUT /community/post/{id}/like,200,,Like Thread Group 1-20,text,true,,231,235,1,1,http://localhost:9002/community/post/40/like,2,0,0
1787376001910,3,PUT /community/post/{id}/like,200,,Like Thread Group 1-20,text,true,,231,235,1,1,http://localhost:9002/community/post/87/like,3,0,0
1787376001914,2,PUT /community/post/{id}/like,200,,Like Thread Group 1-20,text,true,,231,235,1,1,http://localhost:9002/community/post/34/like,2,0,0
1787376001916,3,PUT /community/post/{id}/like,200,,Like Thread Group 1-20,text,true,,231,234,1,1,http://localhost:9002/community/post/6/like,3,0,0
1787376001920,2,PUT /community/post/{id}/like,200,,Like Thread Group 1-20,text,true,,231,234,1,1,http://localhost:9002/community/post/2/like,2,0,0
1787376001922,2,PUT /community/post/{id}/like,200,,Like Thread Group 1-20,text,true,,231,235,1,1,http://localhost:9002/community/post/28/like,2,0,0
1787376001924,1,PUT /community/post/{id}/like,200,,Like Thread Group 1-20,text,true,,231,235,1,1,http://localhost:9002/community/post/20/like,1,0,0
1787376001926,2,PUT /community/post/{id}/like,200,,Like Thread Group 1-20,text,true,,231,234,1,1,http://localhost:9002/community/post/1/like,2,0,0
1787376001928,2,PUT /community/post/{id}/like,200,,Like Thread Group 1-20,text,true,,231,235,1,1,http://localhost:9002/community/post/37/like,1,0,0
1787376001930,1,PUT /community/post/{id}/like,200,,Like Thread Group 1-20,text,true,,231,235,1,1,http://localhost:9002/community/post/59/like,1,0,0
1787376001932,1,PUT /community/post/{id}/like,200,,Like Thread Group 1-20,text,true,,231,235,1,1,http://localhost:9002/community/post/60/like,1,0,0
1787376001934,1,PUT /community/post/{id}/like,200,,Like Thread Group 1-20,text,true,,231,235,1,1,http://localhost:9002/community/post/14/like,1,0,0
1787376001935,2,PUT /community/post/{id}/like,200,,Like Thread Group 1-20,text,true,,231,235,1,1,http://localhost:9002/community/post/27/like,2,0,0
1787376001937,2,PUT /community/post/{id}/like,200,,Like Thread Group 1-20,text,true,,231,235,1,1,http://localhost:9002/community/post/71/like,2,0,0
1787376001939,2,PUT /community/post/{id}/like,200,,Like Thread Group 1-20,text,true,,231,235,1,1,http://localhost:9002/community/post/84/like,2,0,0
1787376001941,2,PUT /community/post/{id}/like,200,,Like Thread Group 1-20,text,true,,231,235,1,1,http://localhost:9002/community/post/97/like,2,0,0
1787376001944,2,PUT /community/post/{id}/like,200,,Like Thread Group 1-20,text,true,,231,235,1,1,http://localhost:9002/community/post/70/like,2,0,0
1787376001946,2,PUT /community/post/{id}/like,200,,Like Thread Group 1-20,text,true,,231,235,1,1,http://localhost:9002/community/post/76/like,2,0,0
1787376001949,2,PUT /community/post/{id}/like,200,,Like Thread Group 1-20,text,true,,231,235,1,1,http://localhost:9002/community/post/64/like,2,0,0
1787376001951,2,PUT /community/post/{id}/like,200,,Like Thread Group 1-20,text,true,,231,235,1,1,http://localhost:9002/community/post/53/like,2,0,0
1787376001953,2,PUT /community/post/{id}/like,200,,Like Thread Group 1-20,text,true,,231,235,1,1,http://localhost:9002/community/post/19/like,2,0,0
1787376001956,1,PUT /community/post/{id}/like,200,,Like Thread Group 1-20,text,true,,231,235,1,1,http://localhost:9002/community/post/55/like,1,0,0
1787376001958,1,PUT /community/post/{id}/like,200,,Like Thread Group 1-20,text,true,,231,235,1,1,http://localhost:9002/community/post/19/like,1,0,0
1787376001960,1,PUT /community/post/{id}/like,200,,Like Thread Group 1-20,text,true,,231,235,1,1,http://localhost:9002/community/post/16/like,1,0,0
1787376001962,1,PUT /community/post/{id}/like,200,,Like Thread Group 1-20,text,true,,231,234,1,1,http://localhost:9002/community/post/5/like,1,0,0
1787376001963,2,PUT /community/post/{id}/like,200,,Like Thread Group 1-20,text,true,,231,235,1,1,http://localhost:9002/community/post/21/like,2,0,0
1787376001966,1,PUT /community/post/{id}/like,200,,Like Thread Group 1-20,text,true,,231,235,1,1,http://localhost:9002/community/post/61/like,1,0,0
1787376001968,2,PUT /community/post/{id}/like,200,,Like Thread Group 1-20,text,true,,231,235,1,1,http://localhost:9002/community/post/75/like,2,0,0
1787376001970,2,PUT /community/post/{id}/like,200,,Like Thread Group 1-20,text,true,,231,235,1,1,http://localhost:9002/community/post/98/like,2,0,0
1787376001973,2,PUT /community/post/{id}/like,200,,Like Thread Group 1-20,text,true,,231,234,1,1,http://localhost:9002/community/post/9/like,2,0,0
1787376001976,1,PUT /community/post/{id}/like,200,,Like Thread Group 1-20,text,true,,231,235,1,1,http://localhost:9002/community/post/92/like,1,0,0
1787376001977,2,PUT /community/post/{id}/like,200,,Like Thread Group 1-20,text,true,,231,235,1,1,http://localhost:9002/community/post/90/like,2,0,0
1787376001979,2,PUT /community/post/{id}/like,200,,Like Thread Group 1-20,text,true,,231,235,1,1,http://localhost:9002/community/post/31/like,2,0,0
1787376001981,1,PUT /community/post/{id}/like,200,,Like Thread Group 1-20,text,true,,231,235,1,1,http://localhost:9002/community/post/17/like,1,0,0
1787376001982,3,PUT /community/post/{id}/like,200,,Like Thread Group 1-20,text,true,,231,235,1,1,http://localhost:9002/community/post/29/like,3,0,0
1787376001985,2,PUT /community/post/{id}/like,200,,Like Thread Group 1-20,text,true,,231,235,1,1,http://localhost:9002/community/post/11/like,2,0,0
1787387907450,55,PUT /community/post/{id}/like,200,,Like Thread Group 1-2,text,true,,217,332,2,2,http://127.0.0.1:9002/community/post/1/like,49,0,32
1787387907450,55,PUT /community/post/{id}/like,200,,Like Thread Group 1-1,text,true,,217,332,2,2,http://127.0.0.1:9002/community/post/1/like,49,0,32
1787387907509,10,PUT /community/post/{id}/like,200,,Like Thread Group 1-2,text,true,,217,332,2,2,http://127.0.0.1:9002/community/post/1/like,10,0,0
1787387907509,10,PUT /community/post/{id}/like,200,,Like Thread Group 1-1,text,true,,217,332,2,2,http://127.0.0.1:9002/community/post/1/like,10,0,0
1787387907522,10,PUT /community/post/{id}/like,200,,Like Thread Group 1-2,text,true,,217,332,2,2,http://127.0.0.1:9002/community/post/1/like,10,0,0
1787387907522,10,PUT /community/post/{id}/like,200,,Like Thread Group 1-1,text,true,,217,332,2,2,http://127.0.0.1:9002/community/post/1/like,10,0,0
