timeStamp,elapsed,label,responseCode,responseMessage,threadName,dataType,success,failureMessage,bytes,sentBytes,grpThreads,allThreads,URL,Latency,IdleTime,Connect
1787375839252,396,PUT /community/post/{id}/like,200,,Like Thread Group 1-1,text,true,,231,234,2,2,http://localhost:9002/community/post/3/like,389,0,51
1787375839629,20,PUT /community/post/{id}/like,200,,Like Thread Group 1-2,text,true,,231,235,2,2,http://localhost:9002/community/post/37/like,13,0,0
1787375839652,6,PUT /community/post/{id}/like,200,,Like Thread Group 1-2,text,true,,231,235,2,2,http://localhost:9002/community/post/42/like,6,0,0
1787375839652,6,PUT /community/post/{id}/like,200,,Like Thread Group 1-1,text,true,,231,234,2,2,http://localhost:9002/community/post/8/like,6,0,0
1787375839659,5,PUT /community/post/{id}/like,200,,Like Thread Group 1-1,text,true,,231,235,2,2,http://localhost:9002/community/post/77/like,5,0,0
1787375839659,5,PUT /community/post/{id}/like,200,,Like Thread Group 1-2,text,true,,231,235,2,2,http://localhost:9002/community/post/66/like,5,0,0
1787375839665,5,PUT /community/post/{id}/like,200,,Like Thread Group 1-1,text,true,,231,234,2,2,http://localhost:9002/community/post/5/like,5,0,0
1787375839665,5,PUT /community/post/{id}/like,200,,Like Thread Group 1-2,text,true,,231,235,2,2,http://localhost:9002/community/post/86/like,5,0,0
1787375839671,5,PUT /community/post/{id}/like,200,,Like Thread Group 1-2,text,true,,231,235,2,2,http://localhost:9002/community/post/53/like,5,0,0
1787375839671,6,PUT /community/post/{id}/like,200,,Like Thread Group 1-1,text,true,,231,235,2,2,http://localhost:9002/community/post/34/like,5,0,0
1787375839677,5,PUT /community/post/{id}/like,200,,Like Thread Group 1-1,text,true,,231,235,2,2,http://localhost:9002/community/post/81/like,5,0,0
1787375839677,5,PUT /community/post/{id}/like,200,,Like Thread Group 1-2,text,true,,231,234,2,2,http://localhost:9002/community/post/8/like,5,0,0
1787375839683,4,PUT /community/post/{id}/like,200,,Like Thread Group 1-1,text,true,,231,235,2,2,http://localhost:9002/community/post/22/like,4,0,0
1787375839683,4,PUT /community/post/{id}/like,200,,Like Thread Group 1-2,text,true,,231,235,2,2,http://localhost:9002/community/post/31/like,4,0,0
1787375839687,5,PUT /community/post/{id}/like,200,,Like Thread Group 1-2,text,true,,231,235,2,2,http://localhost:9002/community/post/39/like,5,0,0
1787375839687,5,PUT /community/post/{id}/like,200,,Like Thread Group 1-1,text,true,,231,235,2,2,http://localhost:9002/community/post/36/like,5,0,0
1787375839693,4,PUT /community/post/{id}/like,200,,Like Thread Group 1-2,text,true,,231,234,2,2,http://localhost:9002/community/post/7/like,4,0,0
1787375839693,4,PUT /community/post/{id}/like,200,,Like Thread Group 1-1,text,true,,231,235,2,2,http://localhost:9002/community/post/89/like,4,0,0
1787375839699,4,PUT /community/post/{id}/like,200,,Like Thread Group 1-2,text,true,,231,235,2,2,http://localhost:9002/community/post/98/like,4,0,0
1787375839699,4,PUT /community/post/{id}/like,200,,Like Thread Group 1-1,text,true,,231,235,2,2,http://localhost:9002/community/post/46/like,4,0,0
1787375839703,5,PUT /community/post/{id}/like,200,,Like Thread Group 1-2,text,true,,231,235,2,2,http://localhost:9002/community/post/84/like,5,0,0
1787375839703,5,PUT /community/post/{id}/like,200,,Like Thread Group 1-1,text,true,,231,235,2,2,http://localhost:9002/community/post/68/like,5,0,0
1787375839709,5,PUT /community/post/{id}/like,200,,Like Thread Group 1-2,text,true,,231,235,2,2,http://localhost:9002/community/post/74/like,5,0,0
1787375839709,5,PUT /community/post/{id}/like,200,,Like Thread Group 1-1,text,true,,231,235,2,2,http://localhost:9002/community/post/90/like,5,0,0
1787375839715,4,PUT /community/post/{id}/like,200,,Like Thread Group 1-2,text,true,,231,235,2,2,http://localhost:9002/community/post/21/like,3,0,0
1787375839715,4,PUT /community/post/{id}/like,200,,Like Thread Group 1-1,text,true,,231,235,2,2,http://localhost:9002/community/post/66/like,3,0,0
1787375839719,5,PUT /community/post/{id}/like,200,,Like Thread Group 1-2,text,true,,231,235,2,2,http://localhost:9002/community/post/65/like,5,0,0
1787375839719,5,PUT /community/post/{id}/like,200,,Like Thread Group 1-1,text,true,,231,235,2,2,http://localhost:9002/community/post/20/like,5,0,0
1787375839724,5,PUT /community/post/{id}/like,200,,Like Thread Group 1-2,text,true,,231,234,2,2,http://localhost:9002/community/post/4/like,5,0,0
1787375839724,5,PUT /community/post/{id}/like,200,,Like Thread Group 1-1,text,true,,231,235,2,2,http://localhost:9002/community/post/91/like,5,0,0
1787375839729,4,PUT /community/post/{id}/like,200,,Like Thread Group 1-1,text,true,,231,235,2,2,http://localhost:9002/community/post/84/like,4,0,0
1787375839729,4,PUT /community/post/{id}/like,200,,Like Thread Group 1-2,text,true,,231,234,2,2,http://localhost:9002/community/post/7/like,4,0,0
1787375839734,4,PUT /community/post/{id}/like,200,,Like Thread Group 1-1,text,true,,231,235,2,2,http://localhost:9002/community/post/56/like,4,0,0
1787375839734,4,PUT /community/post/{id}/like,200,,Like Thread Group 1-2,text,true,,231,234,2,2,http://localhost:9002/community/post/2/like,4,0,0
1787375839739,5,PUT /community/post/{id}/like,200,,Like Thread Group 1-2,text,true,,231,235,2,2,http://localhost:9002/community/post/23/like,4,0,0
1787375839739,5,PUT /community/post/{id}/like,200,,Like Thread Group 1-1,text,true,,231,235,2,2,http://localhost:9002/community/post/48/like,4,0,0
1787375839744,4,PUT /community/post/{id}/like,200,,Like Thread Group 1-2,text,true,,231,235,2,2,http://localhost:9002/community/post/89/like,4,0,0
1787375839744,4,PUT /community/post/{id}/like,200,,Like Thread Group 1-1,text,true,,231,235,2,2,http://localhost:9002/community/post/96/like,4,0,0
1787375839749,4,PUT /community/post/{id}/like,200,,Like Thread Group 1-1,text,true,,231,235,2,2,http://localhost:9002/community/post/12/like,4,0,0
1787375839749,4,PUT /community/post/{id}/like,200,,Like Thread Group 1-2,text,true,,231,235,2,2,http://localhost:9002/community/post/82/like,4,0,0
1787375839754,4,PUT /community/post/{id}/like,200,,Like Thread Group 1-1,text,true,,231,235,2,2,http://localhost:9002/community/post/91/like,4,0,0
1787375839753,5,PUT /community/post/{id}/like,200,,Like Thread Group 1-2,text,true,,231,235,2,2,http://localhost:9002/community/post/30/like,5,0,0
1787375839758,4,PUT /community/post/{id}/like,200,,Like Thread Group 1-2,text,true,,231,235,2,2,http://localhost:9002/community/post/17/like,4,0,0
1787375839759,3,PUT /community/post/{id}/like,200,,Like Thread Group 1-1,text,true,,231,235,2,2,http://localhost:9002/community/post/11/like,3,0,0
1787375839763,3,PUT /community/post/{id}/like,200,,Like Thread Group 1-2,text,true,,231,235,2,2,http://localhost:9002/community/post/77/like,3,0,0
1787375839763,3,PUT /community/post/{id}/like,200,,Like Thread Group 1-1,text,true,,231,235,2,2,http://localhost:9002/community/post/54/like,3,0,0
1787375839767,3,PUT /community/post/{id}/like,200,,Like Thread Group 1-2,text,true,,231,235,2,2,http://localhost:9002/community/post/98/like,3,0,0
1787375839767,3,PUT /community/post/{id}/like,200,,Like Thread Group 1-1,text,true,,231,235,2,2,http://localhost:9002/community/post/32/like,3,0,0
1787375839771,3,PUT /community/post/{id}/like,200,,Like Thread Group 1-2,text,true,,231,235,2,2,http://localhost:9002/community/post/92/like,3,0,0
1787375839771,3,PUT /community/post/{id}/like,200,,Like Thread Group 1-1,text,true,,231,235,2,2,http://localhost:9002/community/post/40/like,3,0,0
1787375839775,4,PUT /community/post/{id}/like,200,,Like Thread Group 1-2,text,true,,231,235,2,2,http://localhost:9002/community/post/47/like,4,0,0
1787375839775,4,PUT /community/post/{id}/like,200,,Like Thread Group 1-1,text,true,,231,234,2,2,http://localhost:9002/community/post/1/like,4,0,0
1787375839780,4,PUT /community/post/{id}/like,200,,Like Thread Group 1-1,text,true,,231,235,2,2,http://localhost:9002/community/post/15/like,4,0,0
1787375839780,4,PUT /community/post/{id}/like,200,,Like Thread Group 1-2,text,true,,231,235,2,2,http://localhost:9002/community/post/27/like,4,0,0
1787375839785,4,PUT /community/post/{id}/like,200,,Like Thread Group 1-2,text,true,,231,235,2,2,http://localhost:9002/community/post/71/like,4,0,0
1787375839785,4,PUT /community/post/{id}/like,200,,Like Thread Group 1-1,text,true,,231,235,2,2,http://localhost:9002/community/post/59/like,4,0,0
1787375839792,3,PUT /community/post/{id}/like,200,,Like Thread Group 1-1,text,true,,231,235,2,2,http://localhost:9002/community/post/15/like,3,0,0
1787375839792,3,PUT /community/post/{id}/like,200,,Like Thread Group 1-2,text,true,,231,235,2,2,http://localhost:9002/community/post/88/like,3,0,0
1787375839796,4,PUT /community/post/{id}/like,200,,Like Thread Group 1-2,text,true,,231,235,2,2,http://localhost:9002/community/post/70/like,3,0,0
1787375839796,4,PUT /community/post/{id}/like,200,,Like Thread Group 1-1,text,true,,231,235,2,2,http://localhost:9002/community/post/27/like,3,0,0
1787375839800,4,PUT /community/post/{id}/like,200,,Like Thread Group 1-2,text,true,,231,235,2,2,http://localhost:9002/community/post/81/like,4,0,0
1787375839800,4,PUT /community/post/{id}/like,200,,Like Thread Group 1-1,text,true,,231,235,2,2,http://localhost:9002/community/post/81/like,4,0,0
1787375839804,4,PUT /community/post/{id}/like,200,,Like Thread Group 1-2,text,true,,231,235,2,2,http://localhost:9002/community/post/35/like,4,0,0
1787375839804,4,PUT /community/post/{id}/like,200,,Like Thread Group 1-1,text,true,,231,235,2,2,http://localhost:9002/community/post/10/like,4,0,0
1787375839809,4,PUT /community/post/{id}/like,200,,Like Thread Group 1-2,text,true,,231,235,2,2,http://localhost:9002/community/post/64/like,4,0,0
1787375839809,4,PUT /community/post/{id}/like,200,,Like Thread Group 1-1,text,true,,231,235,2,2,http://localhost:9002/community/post/89/like,4,0,0
1787375839815,5,PUT /community/post/{id}/like,200,,Like Thread Group 1-2,text,true,,231,235,2,2,http://localhost:9002/community/post/87/like,4,0,0
1787375839815,5,PUT /community/post/{id}/like,200,,Like Thread Group 1-1,text,true,,231,234,2,2,http://localhost:9002/community/post/9/like,4,0,0
1787375839820,4,PUT /community/post/{id}/like,200,,Like Thread Group 1-2,text,true,,231,235,2,2,http://localhost:9002/community/post/24/like,4,0,0
1787375839820,4,PUT /community/post/{id}/like,200,,Like Thread Group 1-1,text,true,,231,235,2,2,http://localhost:9002/community/post/20/like,4,0,0
1787375839825,3,PUT /community/post/{id}/like,200,,Like Thread Group 1-1,text,true,,231,235,2,2,http://localhost:9002/community/post/91/like,3,0,0
1787375839825,4,PUT /community/post/{id}/like,200,,Like Thread Group 1-2,text,true,,231,235,2,2,http://localhost:9002/community/post/21/like,3,0,0
1787375839829,3,PUT /community/post/{id}/like,200,,Like Thread Group 1-1,text,true,,231,235,2,2,http://localhost:9002/community/post/66/like,3,0,0
1787375839829,3,PUT /community/post/{id}/like,200,,Like Thread Group 1-2,text,true,,231,235,2,2,http://localhost:9002/community/post/39/like,3,0,0
1787375839833,3,PUT /community/post/{id}/like,200,,Like Thread Group 1-1,text,true,,231,235,2,2,http://localhost:9002/community/post/37/like,3,0,0
1787375839833,3,PUT /community/post/{id}/like,200,,Like Thread Group 1-2,text,true,,231,235,2,2,http://localhost:9002/community/post/37/like,3,0,0
1787375839836,4,PUT /community/post/{id}/like,200,,Like Thread Group 1-1,text,true,,231,235,2,2,http://localhost:9002/community/post/83/like,4,0,0
1787375839836,4,PUT /community/post/{id}/like,200,,Like Thread Group 1-2,text,true,,231,235,2,2,http://localhost:9002/community/post/78/like,4,0,0
1787375839840,4,PUT /community/post/{id}/like,200,,Like Thread Group 1-1,text,true,,231,235,2,2,http://localhost:9002/community/post/12/like,4,0,0
1787375839840,4,PUT /community/post/{id}/like,200,,Like Thread Group 1-2,text,true,,231,235,2,2,http://localhost:9002/community/post/89/like,4,0,0
1787375839844,4,PUT /community/post/{id}/like,200,,Like Thread Group 1-2,text,true,,231,235,2,2,http://localhost:9002/community/post/15/like,4,0,0
1787375839844,4,PUT /community/post/{id}/like,200,,Like Thread Group 1-1,text,true,,231,235,2,2,http://localhost:9002/community/post/33/like,4,0,0
1787375839848,3,PUT /community/post/{id}/like,200,,Like Thread Group 1-1,text,true,,231,235,2,2,http://localhost:9002/community/post/93/like,3,0,0
1787375839848,3,PUT /community/post/{id}/like,200,,Like Thread Group 1-2,text,true,,231,235,2,2,http://localhost:9002/community/post/83/like,3,0,0
1787375839852,3,PUT /community/post/{id}/like,200,,Like Thread Group 1-1,text,true,,231,235,2,2,http://localhost:9002/community/post/77/like,3,0,0
1787375839852,3,PUT /community/post/{id}/like,200,,Like Thread Group 1-2,text,true,,231,235,2,2,http://localhost:9002/community/post/82/like,3,0,0
1787375839856,4,PUT /community/post/{id}/like,200,,Like Thread Group 1-2,text,true,,231,235,2,2,http://localhost:9002/community/post/48/like,4,0,0
1787375839856,4,PUT /community/post/{id}/like,200,,Like Thread Group 1-1,text,true,,231,235,2,2,http://localhost:9002/community/post/29/like,4,0,0
1787375839860,4,PUT /community/post/{id}/like,200,,Like Thread Group 1-2,text,true,,231,235,2,2,http://localhost:9002/community/post/66/like,4,0,0
1787375839860,4,PUT /community/post/{id}/like,200,,Like Thread Group 1-1,text,true,,231,235,2,2,http://localhost:9002/community/post/28/like,4,0,0
1787375839865,3,PUT /community/post/{id}/like,200,,Like Thread Group 1-1,text,true,,231,235,2,2,http://localhost:9002/community/post/32/like,3,0,0
1787375839865,3,PUT /community/post/{id}/like,200,,Like Thread Group 1-2,text,true,,231,235,2,2,http://localhost:9002/community/post/61/like,3,0,0
1787375839869,3,PUT /community/post/{id}/like,200,,Like Thread Group 1-2,text,true,,231,234,2,2,http://localhost:9002/community/post/6/like,3,0,0
1787375839869,3,PUT /community/post/{id}/like,200,,Like Thread Group 1-1,text,true,,231,234,2,2,http://localhost:9002/community/post/7/like,3,0,0
1787375839873,3,PUT /community/post/{id}/like,200,,Like Thread Group 1-2,text,true,,231,235,2,2,http://localhost:9002/community/post/24/like,3,0,0
1787375839873,3,PUT /community/post/{id}/like,200,,Like Thread Group 1-1,text,true,,231,235,2,2,http://localhost:9002/community/post/25/like,3,0,0
1787375839877,4,PUT /community/post/{id}/like,200,,Like Thread Group 1-1,text,true,,231,235,2,2,http://localhost:9002/community/post/90/like,4,0,0
1787375839877,4,PUT /community/post/{id}/like,200,,Like Thread Group 1-2,text,true,,231,235,2,2,http://localhost:9002/community/post/36/like,4,0,0
1787375839882,3,PUT /community/post/{id}/like,200,,Like Thread Group 1-1,text,true,,231,235,2,2,http://localhost:9002/community/post/90/like,3,0,0
1787375839882,3,PUT /community/post/{id}/like,200,,Like Thread Group 1-2,text,true,,231,235,2,2,http://localhost:9002/community/post/51/like,3,0,0
1787375840127,6,PUT /community/post/{id}/like,200,,Like Thread Group 1-3,text,true,,231,235,1,1,http://localhost:9002/community/post/92/like,6,0,1
1787375840134,3,PUT /community/post/{id}/like,200,,Like Thread Group 1-3,text,true,,231,235,1,1,http://localhost:9002/community/post/68/like,3,0,0
1787375840137,4,PUT /community/post/{id}/like,200,,Like Thread Group 1-3,text,true,,231,235,1,1,http://localhost:9002/community/post/49/like,3,0,0
1787375840141,3,PUT /community/post/{id}/like,200,,Like Thread Group 1-3,text,true,,231,235,1,1,http://localhost:9002/community/post/85/like,3,0,0
1787375840145,2,PUT /community/post/{id}/like,200,,Like Thread Group 1-3,text,true,,231,235,1,1,http://localhost:9002/community/post/83/like,2,0,0
1787375840147,3,PUT /community/post/{id}/like,200,,Like Thread Group 1-3,text,true,,231,235,1,1,http://localhost:9002/community/post/48/like,3,0,0
1787375840151,3,PUT /community/post/{id}/like,200,,Like Thread Group 1-3,text,true,,231,235,1,1,http://localhost:9002/community/post/24/like,3,0,0
1787375840154,4,PUT /community/post/{id}/like,200,,Like Thread Group 1-3,text,true,,231,235,1,1,http://localhost:9002/community/post/41/like,4,0,0
1787375840159,3,PUT /community/post/{id}/like,200,,Like Thread Group 1-3,text,true,,231,235,1,1,http://localhost:9002/community/post/49/like,3,0,0
1787375840162,3,PUT /community/post/{id}/like,200,,Like Thread Group 1-3,text,true,,231,235,1,1,http://localhost:9002/community/post/17/like,3,0,0
1787375840171,3,PUT /community/post/{id}/like,200,,Like Thread Group 1-3,text,true,,231,235,1,1,http://localhost:9002/community/post/27/like,3,0,0
1787375840174,3,PUT /community/post/{id}/like,200,,Like Thread Group 1-3,text,true,,231,236,1,1,http://localhost:9002/community/post/100/like,3,0,0
1787375840177,3,PUT /community/post/{id}/like,200,,Like Thread Group 1-3,text,true,,231,235,1,1,http://localhost:9002/community/post/83/like,3,0,0
1787375840181,3,PUT /community/post/{id}/like,200,,Like Thread Group 1-3,text,true,,231,235,1,1,http://localhost:9002/community/post/20/like,3,0,0
1787375840184,4,PUT /community/post/{id}/like,200,,Like Thread Group 1-3,text,true,,231,235,1,1,http://localhost:9002/community/post/31/like,4,0,0
1787375840188,3,PUT /community/post/{id}/like,200,,Like Thread Group 1-3,text,true,,231,235,1,1,http://localhost:9002/community/post/89/like,3,0,0
1787375840191,4,PUT /community/post/{id}/like,200,,Like Thread Group 1-3,text,true,,231,235,1,1,http://localhost:9002/community/post/73/like,4,0,0
1787375840195,4,PUT /community/post/{id}/like,200,,Like Thread Group 1-3,text,true,,231,235,1,1,http://localhost:9002/community/post/64/like,4,0,0
1787375840199,3,PUT /community/post/{id}/like,200,,Like Thread Group 1-3,text,true,,231,235,1,1,http://localhost:9002/community/post/77/like,3,0,0
1787375840203,3,PUT /community/post/{id}/like,200,,Like Thread Group 1-3,text,true,,231,235,1,1,http://localhost:9002/community/post/90/like,3,0,0
1787375840206,3,PUT /community/post/{id}/like,200,,Like Thread Group 1-3,text,true,,231,235,1,1,http://localhost:9002/community/post/11/like,3,0,0
1787375840209,3,PUT /community/post/{id}/like,200,,Like Thread Group 1-3,text,true,,231,235,1,1,http://localhost:9002/community/post/75/like,3,0,0
1787375840212,3,PUT /community/post/{id}/like,200,,Like Thread Group 1-3,text,true,,231,234,1,1,http://localhost:9002/community/post/3/like,3,0,0
1787375840216,3,PUT /community/post/{id}/like,200,,Like Thread Group 1-3,text,true,,231,235,1,1,http://localhost:9002/community/post/58/like,3,0,0
1787375840220,3,PUT /community/post/{id}/like,200,,Like Thread Group 1-3,text,true,,231,235,1,1,http://localhost:9002/community/post/75/like,3,0,0
1787375840224,3,PUT /community/post/{id}/like,200,,Like Thread Group 1-3,text,true,,231,235,1,1,http://localhost:9002/community/post/36/like,3,0,0
1787375840228,3,PUT /community/post/{id}/like,200,,Like Thread Group 1-3,text,true,,231,235,1,1,http://localhost:9002/community/post/29/like,2,0,0
1787375840231,3,PUT /community/post/{id}/like,200,,Like Thread Group 1-3,text,true,,231,234,1,1,http://localhost:9002/community/post/1/like,3,0,0
1787375840234,4,PUT /community/post/{id}/like,200,,Like Thread Group 1-3,text,true,,231,235,1,1,http://localhost:9002/community/post/30/like,4,0,0
1787375840238,4,PUT /community/post/{id}/like,200,,Like Thread Group 1-3,text,true,,231,235,1,1,http://localhost:9002/community/post/16/like,4,0,0
1787375840242,3,PUT /community/post/{id}/like,200,,Like Thread Group 1-3,text,true,,231,235,1,1,http://localhost:9002/community/post/73/like,3,0,0
1787375840246,4,PUT /community/post/{id}/like,200,,Like Thread Group 1-3,text,true,,231,235,1,1,http://localhost:9002/community/post/67/like,4,0,0
1787375840251,4,PUT /community/post/{id}/like,200,,Like Thread Group 1-3,text,true,,231,235,1,1,http://localhost:9002/community/post/38/like,4,0,0
1787375840255,5,PUT /community/post/{id}/like,200,,Like Thread Group 1-3,text,true,,231,235,1,1,http://localhost:9002/community/post/98/like,4,0,0
1787375840260,4,PUT /community/post/{id}/like,200,,Like Thread Group 1-3,text,true,,231,235,1,1,http://localhost:9002/community/post/98/like,4,0,0
1787375840265,3,PUT /community/post/{id}/like,200,,Like Thread Group 1-3,text,true,,231,235,1,1,http://localhost:9002/community/post/66/like,3,0,0
1787375840269,4,PUT /community/post/{id}/like,200,,Like Thread Group 1-3,text,true,,231,235,1,1,http://localhost:9002/community/post/98/like,4,0,0
1787375840274,3,PUT /community/post/{id}/like,200,,Like Thread Group 1-3,text,true,,231,234,1,1,http://localhost:9002/community/post/1/like,3,0,0
1787375840278,4,PUT /community/post/{id}/like,200,,Like Thread Group 1-3,text,true,,231,235,1,1,http://localhost:9002/community/post/51/like,4,0,0
1787375840283,3,PUT /community/post/{id}/like,200,,Like Thread Group 1-3,text,true,,231,235,1,1,http://localhost:9002/community/post/56/like,3,0,0
1787375840286,4,PUT /community/post/{id}/like,200,,Like Thread Group 1-3,text,true,,231,235,1,1,http://localhost:9002/community/post/30/like,4,0,0
1787375840291,4,PUT /community/post/{id}/like,200,,Like Thread Group 1-3,text,true,,231,235,1,1,http://localhost:9002/community/post/93/like,4,0,0
1787375840295,4,PUT /community/post/{id}/like,200,,Like Thread Group 1-3,text,true,,231,235,1,1,http://localhost:9002/community/post/43/like,4,0,0
1787375840299,3,PUT /community/post/{id}/like,200,,Like Thread Group 1-3,text,true,,231,235,1,1,http://localhost:9002/community/post/22/like,3,0,0
1787375840303,3,PUT /community/post/{id}/like,200,,Like Thread Group 1-3,text,true,,231,235,1,1,http://localhost:9002/community/post/26/like,2,0,0
1787375840306,3,PUT /community/post/{id}/like,200,,Like Thread Group 1-3,text,true,,231,234,1,1,http://localhost:9002/community/post/4/like,3,0,0
1787375840309,4,PUT /community/post/{id}/like,200,,Like Thread Group 1-3,text,true,,231,235,1,1,http://localhost:9002/community/post/32/like,4,0,0
1787375840313,3,PUT /community/post/{id}/like,200,,Like Thread Group 1-3,text,true,,231,235,1,1,http://localhost:9002/community/post/49/like,3,0,0
1787375840317,3,PUT /community/post/{id}/like,200,,Like Thread Group 1-3,text,true,,231,235,1,1,http://localhost:9002/community/post/36/like,3,0,0
1787375840320,3,PUT /community/post/{id}/like,200,,Like Thread Group 1-3,text,true,,231,235,1,1,http://localhost:9002/community/post/64/like,3,0,0
1787375840625,4,PUT /community/post/{id}/like,200,,Like Thread Group 1-4,text,true,,231,235,1,1,http://localhost:9002/community/post/88/like,4,0,1
1787375840630,3,PUT /community/post/{id}/like,200,,Like Thread Group 1-4,text,true,,231,235,1,1,http://localhost:9002/community/post/42/like,3,0,0
1787375840634,3,PUT /community/post/{id}/like,200,,Like Thread Group 1-4,text,true,,231,235,1,1,http://localhost:9002/community/post/21/like,2,0,0
1787375840637,3,PUT /community/post/{id}/like,200,,Like Thread Group 1-4,text,true,,231,235,1,1,http://localhost:9002/community/post/35/like,3,0,0
1787375840640,4,PUT /community/post/{id}/like,200,,Like Thread Group 1-4,text,true,,231,235,1,1,http://localhost:9002/community/post/79/like,4,0,0
1787375840644,3,PUT /community/post/{id}/like,200,,Like Thread Group 1-4,text,true,,231,235,1,1,http://localhost:9002/community/post/74/like,3,0,0
1787375840648,2,PUT /community/post/{id}/like,200,,Like Thread Group 1-4,text,true,,231,235,1,1,http://localhost:9002/community/post/16/like,2,0,0
1787375840651,3,PUT /community/post/{id}/like,200,,Like Thread Group 1-4,text,true,,231,235,1,1,http://localhost:9002/community/post/99/like,3,0,0
1787375840654,3,PUT /community/post/{id}/like,200,,Like Thread Group 1-4,text,true,,231,235,1,1,http://localhost:9002/community/post/89/like,3,0,0
1787375840658,3,PUT /community/post/{id}/like,200,,Like Thread Group 1-4,text,true,,231,235,1,1,http://localhost:9002/community/post/24/like,3,0,0
1787375840661,3,PUT /community/post/{id}/like,200,,Like Thread Group 1-4,text,true,,231,235,1,1,http://localhost:9002/community/post/54/like,3,0,0
1787375840664,3,PUT /community/post/{id}/like,200,,Like Thread Group 1-4,text,true,,231,235,1,1,http://localhost:9002/community/post/53/like,3,0,0
1787375840667,3,PUT /community/post/{id}/like,200,,Like Thread Group 1-4,text,true,,231,235,1,1,http://localhost:9002/community/post/43/like,3,0,0
1787375840670,3,PUT /community/post/{id}/like,200,,Like Thread Group 1-4,text,true,,231,236,1,1,http://localhost:9002/community/post/100/like,3,0,0
1787375840673,3,PUT /community/post/{id}/like,200,,Like Thread Group 1-4,text,true,,231,235,1,1,http://localhost:9002/community/post/57/like,3,0,0
1787375840677,3,PUT /community/post/{id}/like,200,,Like Thread Group 1-4,text,true,,231,235,1,1,http://localhost:9002/community/post/82/like,3,0,0
1787375840680,3,PUT /community/post/{id}/like,200,,Like Thread Group 1-4,text,true,,231,236,1,1,http://localhost:9002/community/post/100/like,3,0,0
1787375840683,4,PUT /community/post/{id}/like,200,,Like Thread Group 1-4,text,true,,231,235,1,1,http://localhost:9002/community/post/39/like,4,0,0
1787375840687,3,PUT /community/post/{id}/like,200,,Like Thread Group 1-4,text,true,,231,235,1,1,http://localhost:9002/community/post/84/like,3,0,0
1787375840690,3,PUT /community/post/{id}/like,200,,Like Thread Group 1-4,text,true,,231,235,1,1,http://localhost:9002/community/post/47/like,3,0,0
1787375840693,3,PUT /community/post/{id}/like,200,,Like Thread Group 1-4,text,true,,231,235,1,1,http://localhost:9002/community/post/65/like,2,0,0
1787375840696,3,PUT /community/post/{id}/like,200,,Like Thread Group 1-4,text,true,,231,235,1,1,http://localhost:9002/community/post/42/like,3,0,0
1787375840699,2,PUT /community/post/{id}/like,200,,Like Thread Group 1-4,text,true,,231,235,1,1,http://localhost:9002/community/post/67/like,2,0,0
1787375840701,3,PUT /community/post/{id}/like,200,,Like Thread Group 1-4,text,true,,231,235,1,1,http://localhost:9002/community/post/27/like,3,0,0
1787375840704,3,PUT /community/post/{id}/like,200,,Like Thread Group 1-4,text,true,,231,235,1,1,http://localhost:9002/community/post/74/like,2,0,0
1787375840707,3,PUT /community/post/{id}/like,200,,Like Thread Group 1-4,text,true,,231,235,1,1,http://localhost:9002/community/post/41/like,2,0,0
1787375840710,3,PUT /community/post/{id}/like,200,,Like Thread Group 1-4,text,true,,231,235,1,1,http://localhost:9002/community/post/85/like,2,0,0
1787375840713,3,PUT /community/post/{id}/like,200,,Like Thread Group 1-4,text,true,,231,235,1,1,http://localhost:9002/community/post/23/like,3,0,0
1787375840716,3,PUT /community/post/{id}/like,200,,Like Thread Group 1-4,text,true,,231,234,1,1,http://localhost:9002/community/post/7/like,3,0,0
1787375840719,2,PUT /community/post/{id}/like,200,,Like Thread Group 1-4,text,true,,231,235,1,1,http://localhost:9002/community/post/19/like,2,0,0
1787375840722,2,PUT /community/post/{id}/like,200,,Like Thread Group 1-4,text,true,,231,235,1,1,http://localhost:9002/community/post/97/like,2,0,0
1787375840724,3,PUT /community/post/{id}/like,200,,Like Thread Group 1-4,text,true,,231,235,1,1,http://localhost:9002/community/post/94/like,3,0,0
1787375840727,3,PUT /community/post/{id}/like,200,,Like Thread Group 1-4,text,true,,231,235,1,1,http://localhost:9002/community/post/96/like,3,0,0
1787375840730,3,PUT /community/post/{id}/like,200,,Like Thread Group 1-4,text,true,,231,235,1,1,http://localhost:9002/community/post/98/like,3,0,0
1787375840734,3,PUT /community/post/{id}/like,200,,Like Thread Group 1-4,text,true,,231,234,1,1,http://localhost:9002/community/post/4/like,2,0,0
1787375840737,2,PUT /community/post/{id}/like,200,,Like Thread Group 1-4,text,true,,231,235,1,1,http://localhost:9002/community/post/36/like,2,0,0
1787375840739,4,PUT /community/post/{id}/like,200,,Like Thread Group 1-4,text,true,,231,235,1,1,http://localhost:9002/community/post/64/like,4,0,0
1787375840743,3,PUT /community/post/{id}/like,200,,Like Thread Group 1-4,text,true,,231,236,1,1,http://localhost:9002/community/post/100/like,3,0,0
1787375840747,2,PUT /community/post/{id}/like,200,,Like Thread Group 1-4,text,true,,231,235,1,1,http://localhost:9002/community/post/46/like,2,0,0
1787375840750,2,PUT /community/post/{id}/like,200,,Like Thread Group 1-4,text,true,,231,235,1,1,http://localhost:9002/community/post/43/like,2,0,0
1787375840753,2,PUT /community/post/{id}/like,200,,Like Thread Group 1-4,text,true,,231,235,1,1,http://localhost:9002/community/post/77/like,2,0,0
1787375840756,2,PUT /community/post/{id}/like,200,,Like Thread Group 1-4,text,true,,231,235,1,1,http://localhost:9002/community/post/70/like,2,0,0
1787375840759,3,PUT /community/post/{id}/like,200,,Like Thread Group 1-4,text,true,,231,235,1,1,http://localhost:9002/community/post/75/like,3,0,0
1787375840763,2,PUT /community/post/{id}/like,200,,Like Thread Group 1-4,text,true,,231,235,1,1,http://localhost:9002/community/post/89/like,2,0,0
1787375840766,2,PUT /community/post/{id}/like,200,,Like Thread Group 1-4,text,true,,231,235,1,1,http://localhost:9002/community/post/46/like,2,0,0
1787375840768,4,PUT /community/post/{id}/like,200,,Like Thread Group 1-4,text,true,,231,235,1,1,http://localhost:9002/community/post/56/like,4,0,0
1787375840773,3,PUT /community/post/{id}/like,200,,Like Thread Group 1-4,text,true,,231,235,1,1,http://localhost:9002/community/post/11/like,3,0,0
1787375840777,3,PUT /community/post/{id}/like,200,,Like Thread Group 1-4,text,true,,231,235,1,1,http://localhost:9002/community/post/77/like,2,0,0
1787375840780,2,PUT /community/post/{id}/like,200,,Like Thread Group 1-4,text,true,,231,235,1,1,http://localhost:9002/community/post/77/like,2,0,0
1787375840783,2,PUT /community/post/{id}/like,200,,Like Thread Group 1-4,text,true,,231,234,1,1,http://localhost:9002/community/post/9/like,2,0,0
1787375841123,6,PUT /community/post/{id}/like,200,,Like Thread Group 1-5,text,true,,231,235,1,1,http://localhost:9002/community/post/87/like,6,0,1
1787375841129,3,PUT /community/post/{id}/like,200,,Like Thread Group 1-5,text,true,,231,235,1,1,http://localhost:9002/community/post/99/like,3,0,0
1787375841133,2,PUT /community/post/{id}/like,200,,Like Thread Group 1-5,text,true,,231,236,1,1,http://localhost:9002/community/post/100/like,2,0,0
1787375841135,3,PUT /community/post/{id}/like,200,,Like Thread Group 1-5,text,true,,231,235,1,1,http://localhost:9002/community/post/34/like,3,0,0
1787375841139,3,PUT /community/post/{id}/like,200,,Like Thread Group 1-5,text,true,,231,235,1,1,http://localhost:9002/community/post/99/like,3,0,0
1787375841142,3,PUT /community/post/{id}/like,200,,Like Thread Group 1-5,text,true,,231,235,1,1,http://localhost:9002/community/post/77/like,3,0,0
1787375841145,3,PUT /community/post/{id}/like,200,,Like Thread Group 1-5,text,true,,231,235,1,1,http://localhost:9002/community/post/41/like,3,0,0
1787375841148,2,PUT /community/post/{id}/like,200,,Like Thread Group 1-5,text,true,,231,235,1,1,http://localhost:9002/community/post/49/like,2,0,0
1787375841150,3,PUT /community/post/{id}/like,200,,Like Thread Group 1-5,text,true,,231,235,1,1,http://localhost:9002/community/post/21/like,3,0,0
1787375841153,3,PUT /community/post/{id}/like,200,,Like Thread Group 1-5,text,true,,231,235,1,1,http://localhost:9002/community/post/99/like,3,0,0
1787375841157,3,PUT /community/post/{id}/like,200,,Like Thread Group 1-5,text,true,,231,235,1,1,http://localhost:9002/community/post/42/like,3,0,0
1787375841160,3,PUT /community/post/{id}/like,200,,Like Thread Group 1-5,text,true,,231,234,1,1,http://localhost:9002/community/post/1/like,3,0,0
1787375841163,3,PUT /community/post/{id}/like,200,,Like Thread Group 1-5,text,true,,231,235,1,1,http://localhost:9002/community/post/47/like,3,0,0
1787375841167,2,PUT /community/post/{id}/like,200,,Like Thread Group 1-5,text,true,,231,234,1,1,http://localhost:9002/community/post/6/like,2,0,0
1787375841170,2,PUT /community/post/{id}/like,200,,Like Thread Group 1-5,text,true,,231,235,1,1,http://localhost:9002/community/post/68/like,2,0,0
1787375841173,2,PUT /community/post/{id}/like,200,,Like Thread Group 1-5,text,true,,231,235,1,1,http://localhost:9002/community/post/24/like,2,0,0
1787375841176,2,PUT /community/post/{id}/like,200,,Like Thread Group 1-5,text,true,,231,235,1,1,http://localhost:9002/community/post/58/like,2,0,0
1787375841178,3,PUT /community/post/{id}/like,200,,Like Thread Group 1-5,text,true,,231,235,1,1,http://localhost:9002/community/post/19/like,3,0,0
1787375841181,3,PUT /community/post/{id}/like,200,,Like Thread Group 1-5,text,true,,231,235,1,1,http://localhost:9002/community/post/15/like,2,0,0
1787375841184,2,PUT /community/post/{id}/like,200,,Like Thread Group 1-5,text,true,,231,235,1,1,http://localhost:9002/community/post/36/like,2,0,0
1787375841187,3,PUT /community/post/{id}/like,200,,Like Thread Group 1-5,text,true,,231,235,1,1,http://localhost:9002/community/post/13/like,3,0,0
1787375841195,3,PUT /community/post/{id}/like,200,,Like Thread Group 1-5,text,true,,231,235,1,1,http://localhost:9002/community/post/76/like,3,0,0
1787375841198,3,PUT /community/post/{id}/like,200,,Like Thread Group 1-5,text,true,,231,235,1,1,http://localhost:9002/community/post/31/like,3,0,0
1787375841201,3,PUT /community/post/{id}/like,200,,Like Thread Group 1-5,text,true,,231,235,1,1,http://localhost:9002/community/post/97/like,3,0,0
1787375841205,3,PUT /community/post/{id}/like,200,,Like Thread Group 1-5,text,true,,231,235,1,1,http://localhost:9002/community/post/96/like,3,0,0
1787375841209,2,PUT /community/post/{id}/like,200,,Like Thread Group 1-5,text,true,,231,235,1,1,http://localhost:9002/community/post/26/like,1,0,0
1787375841211,2,PUT /community/post/{id}/like,200,,Like Thread Group 1-5,text,true,,231,235,1,1,http://localhost:9002/community/post/72/like,2,0,0
1787375841213,2,PUT /community/post/{id}/like,200,,Like Thread Group 1-5,text,true,,231,235,1,1,http://localhost:9002/community/post/29/like,2,0,0
1787375841216,2,PUT /community/post/{id}/like,200,,Like Thread Group 1-5,text,true,,231,234,1,1,http://localhost:9002/community/post/4/like,2,0,0
1787375841219,3,PUT /community/post/{id}/like,200,,Like Thread Group 1-5,text,true,,231,235,1,1,http://localhost:9002/community/post/59/like,2,0,0
1787375841222,3,PUT /community/post/{id}/like,200,,Like Thread Group 1-5,text,true,,231,235,1,1,http://localhost:9002/community/post/91/like,3,0,0
1787375841225,3,PUT /community/post/{id}/like,200,,Like Thread Group 1-5,text,true,,231,235,1,1,http://localhost:9002/community/post/19/like,3,0,0
1787375841228,2,PUT /community/post/{id}/like,200,,Like Thread Group 1-5,text,true,,231,235,1,1,http://localhost:9002/community/post/71/like,2,0,0
1787375841230,2,PUT /community/post/{id}/like,200,,Like Thread Group 1-5,text,true,,231,235,1,1,http://localhost:9002/community/post/47/like,2,0,0
1787375841233,2,PUT /community/post/{id}/like,200,,Like Thread Group 1-5,text,true,,231,235,1,1,http://localhost:9002/community/post/63/like,2,0,0
1787375841235,3,PUT /community/post/{id}/like,200,,Like Thread Group 1-5,text,true,,231,235,1,1,http://localhost:9002/community/post/81/like,3,0,0
1787375841238,3,PUT /community/post/{id}/like,200,,Like Thread Group 1-5,text,true,,231,235,1,1,http://localhost:9002/community/post/54/like,3,0,0
1787375841241,2,PUT /community/post/{id}/like,200,,Like Thread Group 1-5,text,true,,231,235,1,1,http://localhost:9002/community/post/25/like,2,0,0
1787375841244,2,PUT /community/post/{id}/like,200,,Like Thread Group 1-5,text,true,,231,235,1,1,http://localhost:9002/community/post/14/like,2,0,0
1787375841246,3,PUT /community/post/{id}/like,200,,Like Thread Group 1-5,text,true,,231,235,1,1,http://localhost:9002/community/post/41/like,3,0,0
1787375841249,3,PUT /community/post/{id}/like,200,,Like Thread Group 1-5,text,true,,231,234,1,1,http://localhost:9002/community/post/9/like,3,0,0
1787375841252,3,PUT /community/post/{id}/like,200,,Like Thread Group 1-5,text,true,,231,235,1,1,http://localhost:9002/community/post/80/like,3,0,0
1787375841255,3,PUT /community/post/{id}/like,200,,Like Thread Group 1-5,text,true,,231,235,1,1,http://localhost:9002/community/post/36/like,2,0,0
1787375841258,2,PUT /community/post/{id}/like,200,,Like Thread Group 1-5,text,true,,231,235,1,1,http://localhost:9002/community/post/46/like,2,0,0
1787375841261,3,PUT /community/post/{id}/like,200,,Like Thread Group 1-5,text,true,,231,235,1,1,http://localhost:9002/community/post/63/like,3,0,0
1787375841264,3,PUT /community/post/{id}/like,200,,Like Thread Group 1-5,text,true,,231,235,1,1,http://localhost:9002/community/post/59/like,3,0,0
1787375841268,2,PUT /community/post/{id}/like,200,,Like Thread Group 1-5,text,true,,231,235,1,1,http://localhost:9002/community/post/47/like,2,0,0
1787375841271,3,PUT /community/post/{id}/like,200,,Like Thread Group 1-5,text,true,,231,235,1,1,http://localhost:9002/community/post/67/like,3,0,0
1787375841275,2,PUT /community/post/{id}/like,200,,Like Thread Group 1-5,text,true,,231,235,1,1,http://localhost:9002/community/post/25/like,2,0,0
1787375841278,2,PUT /community/post/{id}/like,200,,Like Thread Group 1-5,text,true,,231,235,1,1,http://localhost:9002/community/post/81/like,2,0,0
1787375841622,4,PUT /community/post/{id}/like,200,,Like Thread Group 1-6,text,true,,231,235,1,1,http://localhost:9002/community/post/97/like,4,0,1
1787375841627,3,PUT /community/post/{id}/like,200,,Like Thread Group 1-6,text,true,,231,235,1,1,http://localhost:9002/community/post/41/like,3,0,0
1787375841631,3,PUT /community/post/{id}/like,200,,Like Thread Group 1-6,text,true,,231,235,1,1,http://localhost:9002/community/post/21/like,2,0,0
1787375841634,3,PUT /community/post/{id}/like,200,,Like Thread Group 1-6,text,true,,231,235,1,1,http://localhost:9002/community/post/63/like,3,0,0
1787375841638,4,PUT /community/post/{id}/like,200,,Like Thread Group 1-6,text,true,,231,235,1,1,http://localhost:9002/community/post/17/like,4,0,0
1787375841643,3,PUT /community/post/{id}/like,200,,Like Thread Group 1-6,text,true,,231,234,1,1,http://localhost:9002/community/post/2/like,3,0,0
1787375841646,9,PUT /community/post/{id}/like,200,,Like Thread Group 1-6,text,true,,231,235,1,1,http://localhost:9002/community/post/42/like,8,0,0
1787375841655,7,PUT /community/post/{id}/like,200,,Like Thread Group 1-6,text,true,,231,235,1,1,http://localhost:9002/community/post/66/like,6,0,0
1787375841662,4,PUT /community/post/{id}/like,200,,Like Thread Group 1-6,text,true,,231,235,1,1,http://localhost:9002/community/post/20/like,4,0,0
1787375841667,4,PUT /community/post/{id}/like,200,,Like Thread Group 1-6,text,true,,231,235,1,1,http://localhost:9002/community/post/38/like,4,0,0
1787375841672,4,PUT /community/post/{id}/like,200,,Like Thread Group 1-6,text,true,,231,235,1,1,http://localhost:9002/community/post/79/like,3,0,0
1787375841677,10,PUT /community/post/{id}/like,200,,Like Thread Group 1-6,text,true,,231,235,1,1,http://localhost:9002/community/post/18/like,9,0,0
1787375841687,6,PUT /community/post/{id}/like,200,,Like Thread Group 1-6,text,true,,231,235,1,1,http://localhost:9002/community/post/95/like,6,0,0
1787375841694,3,PUT /community/post/{id}/like,200,,Like Thread Group 1-6,text,true,,231,235,1,1,http://localhost:9002/community/post/25/like,3,0,0
1787375841698,4,PUT /community/post/{id}/like,200,,Like Thread Group 1-6,text,true,,231,235,1,1,http://localhost:9002/community/post/61/like,3,0,0
1787375841702,4,PUT /community/post/{id}/like,200,,Like Thread Group 1-6,text,true,,231,235,1,1,http://localhost:9002/community/post/34/like,4,0,0
1787375841707,5,PUT /community/post/{id}/like,200,,Like Thread Group 1-6,text,true,,231,235,1,1,http://localhost:9002/community/post/18/like,4,0,0
1787375841712,4,PUT /community/post/{id}/like,200,,Like Thread Group 1-6,text,true,,231,235,1,1,http://localhost:9002/community/post/99/like,4,0,0
1787375841717,4,PUT /community/post/{id}/like,200,,Like Thread Group 1-6,text,true,,231,234,1,1,http://localhost:9002/community/post/5/like,3,0,0
1787375841722,3,PUT /community/post/{id}/like,200,,Like Thread Group 1-6,text,true,,231,235,1,1,http://localhost:9002/community/post/46/like,3,0,0
1787375841726,3,PUT /community/post/{id}/like,200,,Like Thread Group 1-6,text,true,,231,235,1,1,http://localhost:9002/community/post/97/like,3,0,0
1787375841730,4,PUT /community/post/{id}/like,200,,Like Thread Group 1-6,text,true,,231,235,1,1,http://localhost:9002/community/post/42/like,4,0,0
1787375841735,3,PUT /community/post/{id}/like,200,,Like Thread Group 1-6,text,true,,231,235,1,1,http://localhost:9002/community/post/80/like,3,0,0
1787375841738,3,PUT /community/post/{id}/like,200,,Like Thread Group 1-6,text,true,,231,235,1,1,http://localhost:9002/community/post/63/like,3,0,0
1787375841741,3,PUT /community/post/{id}/like,200,,Like Thread Group 1-6,text,true,,231,234,1,1,http://localhost:9002/community/post/2/like,3,0,0
1787375841745,4,PUT /community/post/{id}/like,200,,Like Thread Group 1-6,text,true,,231,235,1,1,http://localhost:9002/community/post/57/like,4,0,0
1787375841750,4,PUT /community/post/{id}/like,200,,Like Thread Group 1-6,text,true,,231,235,1,1,http://localhost:9002/community/post/38/like,4,0,0
1787375841754,3,PUT /community/post/{id}/like,200,,Like Thread Group 1-6,text,true,,231,235,1,1,http://localhost:9002/community/post/14/like,3,0,0
1787375841757,3,PUT /community/post/{id}/like,200,,Like Thread Group 1-6,text,true,,231,235,1,1,http://localhost:9002/community/post/30/like,3,0,0
1787375841760,3,PUT /community/post/{id}/like,200,,Like Thread Group 1-6,text,true,,231,235,1,1,http://localhost:9002/community/post/76/like,3,0,0
1787375841763,3,PUT /community/post/{id}/like,200,,Like Thread Group 1-6,text,true,,231,235,1,1,http://localhost:9002/community/post/75/like,3,0,0
1787375841766,4,PUT /community/post/{id}/like,200,,Like Thread Group 1-6,text,true,,231,235,1,1,http://localhost:9002/community/post/48/like,3,0,0
1787375841770,2,PUT /community/post/{id}/like,200,,Like Thread Group 1-6,text,true,,231,235,1,1,http://localhost:9002/community/post/22/like,2,0,0
1787375841773,2,PUT /community/post/{id}/like,200,,Like Thread Group 1-6,text,true,,231,235,1,1,http://localhost:9002/community/post/69/like,2,0,0
1787375841775,3,PUT /community/post/{id}/like,200,,Like Thread Group 1-6,text,true,,231,235,1,1,http://localhost:9002/community/post/78/like,3,0,0
1787375841778,3,PUT /community/post/{id}/like,200,,Like Thread Group 1-6,text,true,,231,235,1,1,http://localhost:9002/community/post/29/like,3,0,0
1787375841781,2,PUT /community/post/{id}/like,200,,Like Thread Group 1-6,text,true,,231,235,1,1,http://localhost:9002/community/post/11/like,2,0,0
1787375841783,3,PUT /community/post/{id}/like,200,,Like Thread Group 1-6,text,true,,231,235,1,1,http://localhost:9002/community/post/55/like,3,0,0
1787375841786,2,PUT /community/post/{id}/like,200,,Like Thread Group 1-6,text,true,,231,235,1,1,http://localhost:9002/community/post/23/like,2,0,0
1787375841788,2,PUT /community/post/{id}/like,200,,Like Thread Group 1-6,text,true,,231,235,1,1,http://localhost:9002/community/post/91/like,2,0,0
1787375841791,1,PUT /community/post/{id}/like,200,,Like Thread Group 1-6,text,true,,231,235,1,1,http://localhost:9002/community/post/29/like,1,0,0
1787375841792,3,PUT /community/post/{id}/like,200,,Like Thread Group 1-6,text,true,,231,235,1,1,http://localhost:9002/community/post/98/like,2,0,0
1787375841795,2,PUT /community/post/{id}/like,200,,Like Thread Group 1-6,text,true,,231,236,1,1,http://localhost:9002/community/post/100/like,2,0,0
1787375841797,2,PUT /community/post/{id}/like,200,,Like Thread Group 1-6,text,true,,231,235,1,1,http://localhost:9002/community/post/43/like,2,0,0
1787375841800,2,PUT /community/post/{id}/like,200,,Like Thread Group 1-6,text,true,,231,235,1,1,http://localhost:9002/community/post/54/like,2,0,0
1787375841802,2,PUT /community/post/{id}/like,200,,Like Thread Group 1-6,text,true,,231,235,1,1,http://localhost:9002/community/post/29/like,2,0,0
1787375841804,2,PUT /community/post/{id}/like,200,,Like Thread Group 1-6,text,true,,231,235,1,1,http://localhost:9002/community/post/50/like,2,0,0
1787375841807,1,PUT /community/post/{id}/like,200,,Like Thread Group 1-6,text,true,,231,235,1,1,http://localhost:9002/community/post/70/like,1,0,0
1787375841809,2,PUT /community/post/{id}/like,200,,Like Thread Group 1-6,text,true,,231,235,1,1,http://localhost:9002/community/post/84/like,2,0,0
1787375841811,1,PUT /community/post/{id}/like,200,,Like Thread Group 1-6,text,true,,231,235,1,1,http://localhost:9002/community/post/35/like,1,0,0
1787375842121,5,PUT /community/post/{id}/like,200,,Like Thread Group 1-7,text,true,,231,235,1,1,http://localhost:9002/community/post/88/like,5,0,2
1787375842126,3,PUT /community/post/{id}/like,200,,Like Thread Group 1-7,text,true,,231,235,1,1,http://localhost:9002/community/post/56/like,3,0,0
1787375842129,2,PUT /community/post/{id}/like,200,,Like Thread Group 1-7,text,true,,231,235,1,1,http://localhost:9002/community/post/39/like,2,0,0
1787375842131,1,PUT /community/post/{id}/like,200,,Like Thread Group 1-7,text,true,,231,235,1,1,http://localhost:9002/community/post/88/like,1,0,0
1787375842132,2,PUT /community/post/{id}/like,200,,Like Thread Group 1-7,text,true,,231,235,1,1,http://localhost:9002/community/post/32/like,2,0,0
1787375842134,1,PUT /community/post/{id}/like,200,,Like Thread Group 1-7,text,true,,231,235,1,1,http://localhost:9002/community/post/35/like,1,0,0
1787375842135,2,PUT /community/post/{id}/like,200,,Like Thread Group 1-7,text,true,,231,235,1,1,http://localhost:9002/community/post/41/like,2,0,0
1787375842137,3,PUT /community/post/{id}/like,200,,Like Thread Group 1-7,text,true,,231,235,1,1,http://localhost:9002/community/post/74/like,3,0,0
1787375842140,2,PUT /community/post/{id}/like,200,,Like Thread Group 1-7,text,true,,231,235,1,1,http://localhost:9002/community/post/50/like,2,0,0
1787375842142,2,PUT /community/post/{id}/like,200,,Like Thread Group 1-7,text,true,,231,235,1,1,http://localhost:9002/community/post/23/like,2,0,0
1787375842144,1,PUT /community/post/{id}/like,200,,Like Thread Group 1-7,text,true,,231,235,1,1,http://localhost:9002/community/post/32/like,1,0,0
1787375842146,1,PUT /community/post/{id}/like,200,,Like Thread Group 1-7,text,true,,231,235,1,1,http://localhost:9002/community/post/90/like,1,0,0
1787375842147,1,PUT /community/post/{id}/like,200,,Like Thread Group 1-7,text,true,,231,235,1,1,http://localhost:9002/community/post/79/like,1,0,0
1787375842149,1,PUT /community/post/{id}/like,200,,Like Thread Group 1-7,text,true,,231,235,1,1,http://localhost:9002/community/post/50/like,1,0,0
1787375842150,1,PUT /community/post/{id}/like,200,,Like Thread Group 1-7,text,true,,231,234,1,1,http://localhost:9002/community/post/1/like,1,0,0
1787375842152,1,PUT /community/post/{id}/like,200,,Like Thread Group 1-7,text,true,,231,235,1,1,http://localhost:9002/community/post/12/like,1,0,0
1787375842154,2,PUT /community/post/{id}/like,200,,Like Thread Group 1-7,text,true,,231,235,1,1,http://localhost:9002/community/post/38/like,2,0,0
1787375842156,2,PUT /community/post/{id}/like,200,,Like Thread Group 1-7,text,true,,231,235,1,1,http://localhost:9002/community/post/80/like,2,0,0
1787375842158,2,PUT /community/post/{id}/like,200,,Like Thread Group 1-7,text,true,,231,235,1,1,http://localhost:9002/community/post/79/like,2,0,0
1787375842160,2,PUT /community/post/{id}/like,200,,Like Thread Group 1-7,text,true,,231,235,1,1,http://localhost:9002/community/post/70/like,1,0,0
1787375842162,2,PUT /community/post/{id}/like,200,,Like Thread Group 1-7,text,true,,231,235,1,1,http://localhost:9002/community/post/91/like,1,0,0
1787375842164,1,PUT /community/post/{id}/like,200,,Like Thread Group 1-7,text,true,,231,235,1,1,http://localhost:9002/community/post/54/like,1,0,0
1787375842165,2,PUT /community/post/{id}/like,200,,Like Thread Group 1-7,text,true,,231,235,1,1,http://localhost:9002/community/post/43/like,2,0,0
1787375842167,2,PUT /community/post/{id}/like,200,,Like Thread Group 1-7,text,true,,231,235,1,1,http://localhost:9002/community/post/27/like,2,0,0
1787375842170,1,PUT /community/post/{id}/like,200,,Like Thread Group 1-7,text,true,,231,235,1,1,http://localhost:9002/community/post/67/like,1,0,0
1787375842172,1,PUT /community/post/{id}/like,200,,Like Thread Group 1-7,text,true,,231,235,1,1,http://localhost:9002/community/post/81/like,1,0,0
1787375842174,1,PUT /community/post/{id}/like,200,,Like Thread Group 1-7,text,true,,231,235,1,1,http://localhost:9002/community/post/41/like,1,0,0
1787375842175,2,PUT /community/post/{id}/like,200,,Like Thread Group 1-7,text,true,,231,235,1,1,http://localhost:9002/community/post/71/like,2,0,0
1787375842177,1,PUT /community/post/{id}/like,200,,Like Thread Group 1-7,text,true,,231,235,1,1,http://localhost:9002/community/post/14/like,1,0,0
1787375842178,2,PUT /community/post/{id}/like,200,,Like Thread Group 1-7,text,true,,231,235,1,1,http://localhost:9002/community/post/58/like,2,0,0
1787375842180,2,PUT /community/post/{id}/like,200,,Like Thread Group 1-7,text,true,,231,235,1,1,http://localhost:9002/community/post/61/like,2,0,0
1787375842182,2,PUT /community/post/{id}/like,200,,Like Thread Group 1-7,text,true,,231,235,1,1,http://localhost:9002/community/post/86/like,2,0,0
1787375842184,2,PUT /community/post/{id}/like,200,,Like Thread Group 1-7,text,true,,231,235,1,1,http://localhost:9002/community/post/16/like,2,0,0
1787375842187,1,PUT /community/post/{id}/like,200,,Like Thread Group 1-7,text,true,,231,235,1,1,http://localhost:9002/community/post/17/like,1,0,0
1787375842188,1,PUT /community/post/{id}/like,200,,Like Thread Group 1-7,text,true,,231,235,1,1,http://localhost:9002/community/post/45/like,1,0,0
1787375842190,1,PUT /community/post/{id}/like,200,,Like Thread Group 1-7,text,true,,231,235,1,1,http://localhost:9002/community/post/96/like,1,0,0
1787375842192,1,PUT /community/post/{id}/like,200,,Like Thread Group 1-7,text,true,,231,235,1,1,http://localhost:9002/community/post/79/like,1,0,0
1787375842193,2,PUT /community/post/{id}/like,200,,Like Thread Group 1-7,text,true,,231,235,1,1,http://localhost:9002/community/post/87/like,2,0,0
1787375842195,2,PUT /community/post/{id}/like,200,,Like Thread Group 1-7,text,true,,231,235,1,1,http://localhost:9002/community/post/54/like,2,0,0
1787375842197,2,PUT /community/post/{id}/like,200,,Like Thread Group 1-7,text,true,,231,235,1,1,http://localhost:9002/community/post/15/like,2,0,0
1787375842199,2,PUT /community/post/{id}/like,200,,Like Thread Group 1-7,text,true,,231,235,1,1,http://localhost:9002/community/post/72/like,2,0,0
1787375842202,1,PUT /community/post/{id}/like,200,,Like Thread Group 1-7,text,true,,231,235,1,1,http://localhost:9002/community/post/32/like,1,0,0
1787375842204,1,PUT /community/post/{id}/like,200,,Like Thread Group 1-7,text,true,,231,235,1,1,http://localhost:9002/community/post/96/like,1,0,0
1787375842206,1,PUT /community/post/{id}/like,200,,Like Thread Group 1-7,text,true,,231,235,1,1,http://localhost:9002/community/post/11/like,1,0,0
1787375842208,1,PUT /community/post/{id}/like,200,,Like Thread Group 1-7,text,true,,231,235,1,1,http://localhost:9002/community/post/20/like,1,0,0
1787375842210,1,PUT /community/post/{id}/like,200,,Like Thread Group 1-7,text,true,,231,235,1,1,http://localhost:9002/community/post/73/like,1,0,0
1787375842212,2,PUT /community/post/{id}/like,200,,Like Thread Group 1-7,text,true,,231,235,1,1,http://localhost:9002/community/post/47/like,2,0,0
1787375842214,2,PUT /community/post/{id}/like,200,,Like Thread Group 1-7,text,true,,231,234,1,1,http://localhost:9002/community/post/2/like,2,0,0
1787375842217,2,PUT /community/post/{id}/like,200,,Like Thread Group 1-7,text,true,,231,235,1,1,http://localhost:9002/community/post/85/like,2,0,0
1787375842219,2,PUT /community/post/{id}/like,200,,Like Thread Group 1-7,text,true,,231,235,1,1,http://localhost:9002/community/post/18/like,2,0,0
1787375842623,3,PUT /community/post/{id}/like,200,,Like Thread Group 1-8,text,true,,231,235,1,1,http://localhost:9002/community/post/14/like,3,0,1
1787375842626,1,PUT /community/post/{id}/like,200,,Like Thread Group 1-8,text,true,,231,235,1,1,http://localhost:9002/community/post/85/like,1,0,0
1787375842628,1,PUT /community/post/{id}/like,200,,Like Thread Group 1-8,text,true,,231,235,1,1,http://localhost:9002/community/post/31/like,1,0,0
1787375842629,2,PUT /community/post/{id}/like,200,,Like Thread Group 1-8,text,true,,231,235,1,1,http://localhost:9002/community/post/89/like,2,0,0
1787375842631,1,PUT /community/post/{id}/like,200,,Like Thread Group 1-8,text,true,,231,235,1,1,http://localhost:9002/community/post/56/like,1,0,0
1787375842633,2,PUT /community/post/{id}/like,200,,Like Thread Group 1-8,text,true,,231,235,1,1,http://localhost:9002/community/post/71/like,2,0,0
1787375842635,3,PUT /community/post/{id}/like,200,,Like Thread Group 1-8,text,true,,231,235,1,1,http://localhost:9002/community/post/44/like,3,0,0
1787375842638,2,PUT /community/post/{id}/like,200,,Like Thread Group 1-8,text,true,,231,235,1,1,http://localhost:9002/community/post/90/like,2,0,0
1787375842640,2,PUT /community/post/{id}/like,200,,Like Thread Group 1-8,text,true,,231,235,1,1,http://localhost:9002/community/post/48/like,2,0,0
1787375842643,2,PUT /community/post/{id}/like,200,,Like Thread Group 1-8,text,true,,231,235,1,1,http://localhost:9002/community/post/54/like,2,0,0
1787375842645,2,PUT /community/post/{id}/like,200,,Like Thread Group 1-8,text,true,,231,234,1,1,http://localhost:9002/community/post/6/like,2,0,0
1787375842647,2,PUT /community/post/{id}/like,200,,Like Thread Group 1-8,text,true,,231,235,1,1,http://localhost:9002/community/post/95/like,2,0,0
1787375842649,2,PUT /community/post/{id}/like,200,,Like Thread Group 1-8,text,true,,231,235,1,1,http://localhost:9002/community/post/10/like,2,0,0
1787375842651,2,PUT /community/post/{id}/like,200,,Like Thread Group 1-8,text,true,,231,235,1,1,http://localhost:9002/community/post/76/like,2,0,0
1787375842653,2,PUT /community/post/{id}/like,200,,Like Thread Group 1-8,text,true,,231,235,1,1,http://localhost:9002/community/post/26/like,2,0,0
1787375842655,1,PUT /community/post/{id}/like,200,,Like Thread Group 1-8,text,true,,231,235,1,1,http://localhost:9002/community/post/34/like,1,0,0
1787375842656,2,PUT /community/post/{id}/like,200,,Like Thread Group 1-8,text,true,,231,235,1,1,http://localhost:9002/community/post/74/like,2,0,0
1787375842658,2,PUT /community/post/{id}/like,200,,Like Thread Group 1-8,text,true,,231,235,1,1,http://localhost:9002/community/post/21/like,2,0,0
1787375842660,1,PUT /community/post/{id}/like,200,,Like Thread Group 1-8,text,true,,231,235,1,1,http://localhost:9002/community/post/42/like,1,0,0
1787375842661,2,PUT /community/post/{id}/like,200,,Like Thread Group 1-8,text,true,,231,235,1,1,http://localhost:9002/community/post/65/like,2,0,0
1787375842663,1,PUT /community/post/{id}/like,200,,Like Thread Group 1-8,text,true,,231,235,1,1,http://localhost:9002/community/post/74/like,1,0,0
1787375842665,2,PUT /community/post/{id}/like,200,,Like Thread Group 1-8,text,true,,231,235,1,1,http://localhost:9002/community/post/86/like,2,0,0
1787375842667,1,PUT /community/post/{id}/like,200,,Like Thread Group 1-8,text,true,,231,235,1,1,http://localhost:9002/community/post/67/like,1,0,0
1787375842669,2,PUT /community/post/{id}/like,200,,Like Thread Group 1-8,text,true,,231,235,1,1,http://localhost:9002/community/post/37/like,2,0,0
1787375842671,1,PUT /community/post/{id}/like,200,,Like Thread Group 1-8,text,true,,231,235,1,1,http://localhost:9002/community/post/12/like,1,0,0
1787375842673,1,PUT /community/post/{id}/like,200,,Like Thread Group 1-8,text,true,,231,235,1,1,http://localhost:9002/community/post/41/like,1,0,0
1787375842674,2,PUT /community/post/{id}/like,200,,Like Thread Group 1-8,text,true,,231,235,1,1,http://localhost:9002/community/post/83/like,2,0,0
1787375842676,2,PUT /community/post/{id}/like,200,,Like Thread Group 1-8,text,true,,231,235,1,1,http://localhost:9002/community/post/48/like,2,0,0
1787375842678,2,PUT /community/post/{id}/like,200,,Like Thread Group 1-8,text,true,,231,235,1,1,http://localhost:9002/community/post/98/like,2,0,0
1787375842680,2,PUT /community/post/{id}/like,200,,Like Thread Group 1-8,text,true,,231,235,1,1,http://localhost:9002/community/post/77/like,2,0,0
1787375842683,2,PUT /community/post/{id}/like,200,,Like Thread Group 1-8,text,true,,231,235,1,1,http://localhost:9002/community/post/22/like,2,0,0
1787375842685,2,PUT /community/post/{id}/like,200,,Like Thread Group 1-8,text,true,,231,235,1,1,http://localhost:9002/community/post/91/like,2,0,0
1787375842687,1,PUT /community/post/{id}/like,200,,Like Thread Group 1-8,text,true,,231,235,1,1,http://localhost:9002/community/post/95/like,1,0,0
1787375842689,1,PUT /community/post/{id}/like,200,,Like Thread Group 1-8,text,true,,231,235,1,1,http://localhost:9002/community/post/46/like,1,0,0
1787375842691,2,PUT /community/post/{id}/like,200,,Like Thread Group 1-8,text,true,,231,235,1,1,http://localhost:9002/community/post/69/like,2,0,0
1787375842693,3,PUT /community/post/{id}/like,200,,Like Thread Group 1-8,text,true,,231,235,1,1,http://localhost:9002/community/post/29/like,3,0,0
1787375842697,2,PUT /community/post/{id}/like,200,,Like Thread Group 1-8,text,true,,231,234,1,1,http://localhost:9002/community/post/4/like,2,0,0
1787375842700,2,PUT /community/post/{id}/like,200,,Like Thread Group 1-8,text,true,,231,235,1,1,http://localhost:9002/community/post/26/like,2,0,0
1787375842702,2,PUT /community/post/{id}/like,200,,Like Thread Group 1-8,text,true,,231,235,1,1,http://localhost:9002/community/post/63/like,2,0,0
1787375842705,2,PUT /community/post/{id}/like,200,,Like Thread Group 1-8,text,true,,231,235,1,1,http://localhost:9002/community/post/79/like,2,0,0
1787375842707,3,PUT /community/post/{id}/like,200,,Like Thread Group 1-8,text,true,,231,235,1,1,http://localhost:9002/community/post/63/like,3,0,0
1787375842710,2,PUT /community/post/{id}/like,200,,Like Thread Group 1-8,text,true,,231,235,1,1,http://localhost:9002/community/post/73/like,2,0,0
1787375842713,2,PUT /community/post/{id}/like,200,,Like Thread Group 1-8,text,true,,231,235,1,1,http://localhost:9002/community/post/98/like,2,0,0
1787375842715,2,PUT /community/post/{id}/like,200,,Like Thread Group 1-8,text,true,,231,235,1,1,http://localhost:9002/community/post/76/like,2,0,0
1787375842718,1,PUT /community/post/{id}/like,200,,Like Thread Group 1-8,text,true,,231,235,1,1,http://localhost:9002/community/post/57/like,1,0,0
1787375842719,2,PUT /community/post/{id}/like,200,,Like Thread Group 1-8,text,true,,231,235,1,1,http://localhost:9002/community/post/59/like,2,0,0
1787375842721,2,PUT /community/post/{id}/like,200,,Like Thread Group 1-8,text,true,,231,235,1,1,http://localhost:9002/community/post/76/like,2,0,0
1787375842723,3,PUT /community/post/{id}/like,200,,Like Thread Group 1-8,text,true,,231,235,1,1,http://localhost:9002/community/post/86/like,3,0,0
1787375842726,2,PUT /community/post/{id}/like,200,,Like Thread Group 1-8,text,true,,231,235,1,1,http://localhost:9002/community/post/74/like,2,0,0
1787375842729,2,PUT /community/post/{id}/like,200,,Like Thread Group 1-8,text,true,,231,235,1,1,http://localhost:9002/community/post/61/like,2,0,0
1787375843122,3,PUT /community/post/{id}/like,200,,Like Thread Group 1-9,text,true,,231,235,1,1,http://localhost:9002/community/post/37/like,3,0,1
1787375843125,3,PUT /community/post/{id}/like,200,,Like Thread Group 1-9,text,true,,231,235,1,1,http://localhost:9002/community/post/53/like,3,0,0
1787375843128,1,PUT /community/post/{id}/like,200,,Like Thread Group 1-9,text,true,,231,235,1,1,http://localhost:9002/community/post/55/like,1,0,0
1787375843130,2,PUT /community/post/{id}/like,200,,Like Thread Group 1-9,text,true,,231,235,1,1,http://localhost:9002/community/post/78/like,2,0,0
1787375843132,1,PUT /community/post/{id}/like,200,,Like Thread Group 1-9,text,true,,231,235,1,1,http://localhost:9002/community/post/16/like,1,0,0
1787375843133,2,PUT /community/post/{id}/like,200,,Like Thread Group 1-9,text,true,,231,235,1,1,http://localhost:9002/community/post/53/like,2,0,0
1787375843135,2,PUT /community/post/{id}/like,200,,Like Thread Group 1-9,text,true,,231,235,1,1,http://localhost:9002/community/post/93/like,2,0,0
1787375843137,1,PUT /community/post/{id}/like,200,,Like Thread Group 1-9,text,true,,231,235,1,1,http://localhost:9002/community/post/33/like,1,0,0
1787375843138,1,PUT /community/post/{id}/like,200,,Like Thread Group 1-9,text,true,,231,235,1,1,http://localhost:9002/community/post/60/like,1,0,0
1787375843140,1,PUT /community/post/{id}/like,200,,Like Thread Group 1-9,text,true,,231,235,1,1,http://localhost:9002/community/post/51/like,1,0,0
1787375843141,3,PUT /community/post/{id}/like,200,,Like Thread Group 1-9,text,true,,231,235,1,1,http://localhost:9002/community/post/61/like,3,0,0
1787375843144,2,PUT /community/post/{id}/like,200,,Like Thread Group 1-9,text,true,,231,234,1,1,http://localhost:9002/community/post/6/like,2,0,0
1787375843146,1,PUT /community/post/{id}/like,200,,Like Thread Group 1-9,text,true,,231,235,1,1,http://localhost:9002/community/post/10/like,1,0,0
1787375843148,1,PUT /community/post/{id}/like,200,,Like Thread Group 1-9,text,true,,231,235,1,1,http://localhost:9002/community/post/11/like,1,0,0
1787375843149,1,PUT /community/post/{id}/like,200,,Like Thread Group 1-9,text,true,,231,235,1,1,http://localhost:9002/community/post/31/like,1,0,0
1787375843151,1,PUT /community/post/{id}/like,200,,Like Thread Group 1-9,text,true,,231,235,1,1,http://localhost:9002/community/post/10/like,1,0,0
1787375843153,1,PUT /community/post/{id}/like,200,,Like Thread Group 1-9,text,true,,231,234,1,1,http://localhost:9002/community/post/1/like,1,0,0
1787375843154,2,PUT /community/post/{id}/like,200,,Like Thread Group 1-9,text,true,,231,235,1,1,http://localhost:9002/community/post/58/like,2,0,0
1787375843156,2,PUT /community/post/{id}/like,200,,Like Thread Group 1-9,text,true,,231,234,1,1,http://localhost:9002/community/post/4/like,2,0,0
1787375843158,2,PUT /community/post/{id}/like,200,,Like Thread Group 1-9,text,true,,231,235,1,1,http://localhost:9002/community/post/58/like,2,0,0
1787375843160,1,PUT /community/post/{id}/like,200,,Like Thread Group 1-9,text,true,,231,235,1,1,http://localhost:9002/community/post/61/like,1,0,0
1787375843162,1,PUT /community/post/{id}/like,200,,Like Thread Group 1-9,text,true,,231,235,1,1,http://localhost:9002/community/post/32/like,1,0,0
1787375843163,1,PUT /community/post/{id}/like,200,,Like Thread Group 1-9,text,true,,231,235,1,1,http://localhost:9002/community/post/76/like,1,0,0
1787375843164,1,PUT /community/post/{id}/like,200,,Like Thread Group 1-9,text,true,,231,235,1,1,http://localhost:9002/community/post/56/like,1,0,0
1787375843166,1,PUT /community/post/{id}/like,200,,Like Thread Group 1-9,text,true,,231,235,1,1,http://localhost:9002/community/post/20/like,1,0,0
1787375843167,1,PUT /community/post/{id}/like,200,,Like Thread Group 1-9,text,true,,231,235,1,1,http://localhost:9002/community/post/50/like,1,0,0
1787375843168,2,PUT /community/post/{id}/like,200,,Like Thread Group 1-9,text,true,,231,235,1,1,http://localhost:9002/community/post/82/like,2,0,0
1787375843170,1,PUT /community/post/{id}/like,200,,Like Thread Group 1-9,text,true,,231,235,1,1,http://localhost:9002/community/post/49/like,1,0,0
1787375843171,2,PUT /community/post/{id}/like,200,,Like Thread Group 1-9,text,true,,231,235,1,1,http://localhost:9002/community/post/27/like,1,0,0
1787375843173,1,PUT /community/post/{id}/like,200,,Like Thread Group 1-9,text,true,,231,235,1,1,http://localhost:9002/community/post/84/like,1,0,0
1787375843175,2,PUT /community/post/{id}/like,200,,Like Thread Group 1-9,text,true,,231,235,1,1,http://localhost:9002/community/post/30/like,2,0,0
1787375843177,1,PUT /community/post/{id}/like,200,,Like Thread Group 1-9,text,true,,231,235,1,1,http://localhost:9002/community/post/24/like,1,0,0
1787375843179,1,PUT /community/post/{id}/like,200,,Like Thread Group 1-9,text,true,,231,235,1,1,http://localhost:9002/community/post/58/like,1,0,0
1787375843180,1,PUT /community/post/{id}/like,200,,Like Thread Group 1-9,text,true,,231,235,1,1,http://localhost:9002/community/post/55/like,1,0,0
1787375843181,2,PUT /community/post/{id}/like,200,,Like Thread Group 1-9,text,true,,231,235,1,1,http://localhost:9002/community/post/97/like,2,0,0
1787375843183,1,PUT /community/post/{id}/like,200,,Like Thread Group 1-9,text,true,,231,235,1,1,http://localhost:9002/community/post/74/like,1,0,0
1787375843185,1,PUT /community/post/{id}/like,200,,Like Thread Group 1-9,text,true,,231,235,1,1,http://localhost:9002/community/post/38/like,1,0,0
1787375843186,2,PUT /community/post/{id}/like,200,,Like Thread Group 1-9,text,true,,231,235,1,1,http://localhost:9002/community/post/75/like,2,0,0
1787375843188,2,PUT /community/post/{id}/like,200,,Like Thread Group 1-9,text,true,,231,235,1,1,http://localhost:9002/community/post/85/like,2,0,0
1787375843190,1,PUT /community/post/{id}/like,200,,Like Thread Group 1-9,text,true,,231,235,1,1,http://localhost:9002/community/post/85/like,1,0,0
1787375843191,2,PUT /community/post/{id}/like,200,,Like Thread Group 1-9,text,true,,231,235,1,1,http://localhost:9002/community/post/69/like,1,0,0
1787375843193,1,PUT /community/post/{id}/like,200,,Like Thread Group 1-9,text,true,,231,235,1,1,http://localhost:9002/community/post/62/like,1,0,0
1787375843194,2,PUT /community/post/{id}/like,200,,Like Thread Group 1-9,text,true,,231,235,1,1,http://localhost:9002/community/post/26/like,2,0,0
1787375843196,1,PUT /community/post/{id}/like,200,,Like Thread Group 1-9,text,true,,231,235,1,1,http://localhost:9002/community/post/89/like,1,0,0
1787375843197,2,PUT /community/post/{id}/like,200,,Like Thread Group 1-9,text,true,,231,235,1,1,http://localhost:9002/community/post/71/like,2,0,0
1787375843199,1,PUT /community/post/{id}/like,200,,Like Thread Group 1-9,text,true,,231,235,1,1,http://localhost:9002/community/post/93/like,1,0,0
1787375843200,1,PUT /community/post/{id}/like,200,,Like Thread Group 1-9,text,true,,231,235,1,1,http://localhost:9002/community/post/92/like,1,0,0
1787375843201,1,PUT /community/post/{id}/like,200,,Like Thread Group 1-9,text,true,,231,235,1,1,http://localhost:9002/community/post/53/like,1,0,0
1787375843203,1,PUT /community/post/{id}/like,200,,Like Thread Group 1-9,text,true,,231,235,1,1,http://localhost:9002/community/post/56/like,1,0,0
1787375843204,2,PUT /community/post/{id}/like,200,,Like Thread Group 1-9,text,true,,231,235,1,1,http://localhost:9002/community/post/29/like,2,0,0
1787375843619,2,PUT /community/post/{id}/like,200,,Like Thread Group 1-10,text,true,,231,235,1,1,http://localhost:9002/community/post/82/like,2,0,0
1787375843621,2,PUT /community/post/{id}/like,200,,Like Thread Group 1-10,text,true,,231,235,1,1,http://localhost:9002/community/post/47/like,2,0,0
1787375843623,2,PUT /community/post/{id}/like,200,,Like Thread Group 1-10,text,true,,231,235,1,1,http://localhost:9002/community/post/68/like,2,0,0
1787375843625,2,PUT /community/post/{id}/like,200,,Like Thread Group 1-10,text,true,,231,235,1,1,http://localhost:9002/community/post/51/like,2,0,0
1787375843627,2,PUT /community/post/{id}/like,200,,Like Thread Group 1-10,text,true,,231,235,1,1,http://localhost:9002/community/post/43/like,2,0,0
1787375843629,2,PUT /community/post/{id}/like,200,,Like Thread Group 1-10,text,true,,231,235,1,1,http://localhost:9002/community/post/67/like,2,0,0
1787375843631,2,PUT /community/post/{id}/like,200,,Like Thread Group 1-10,text,true,,231,235,1,1,http://localhost:9002/community/post/49/like,2,0,0
1787375843633,1,PUT /community/post/{id}/like,200,,Like Thread Group 1-10,text,true,,231,235,1,1,http://localhost:9002/community/post/28/like,1,0,0
1787375843634,1,PUT /community/post/{id}/like,200,,Like Thread Group 1-10,text,true,,231,235,1,1,http://localhost:9002/community/post/47/like,1,0,0
1787375843636,1,PUT /community/post/{id}/like,200,,Like Thread Group 1-10,text,true,,231,235,1,1,http://localhost:9002/community/post/48/like,1,0,0
1787375843637,2,PUT /community/post/{id}/like,200,,Like Thread Group 1-10,text,true,,231,235,1,1,http://localhost:9002/community/post/75/like,2,0,0
1787375843639,1,PUT /community/post/{id}/like,200,,Like Thread Group 1-10,text,true,,231,235,1,1,http://localhost:9002/community/post/41/like,1,0,0
1787375843640,2,PUT /community/post/{id}/like,200,,Like Thread Group 1-10,text,true,,231,235,1,1,http://localhost:9002/community/post/48/like,2,0,0
1787375843643,2,PUT /community/post/{id}/like,200,,Like Thread Group 1-10,text,true,,231,235,1,1,http://localhost:9002/community/post/94/like,2,0,0
1787375843645,2,PUT /community/post/{id}/like,200,,Like Thread Group 1-10,text,true,,231,235,1,1,http://localhost:9002/community/post/71/like,2,0,0
1787375843647,1,PUT /community/post/{id}/like,200,,Like Thread Group 1-10,text,true,,231,235,1,1,http://localhost:9002/community/post/54/like,1,0,0
1787375843648,1,PUT /community/post/{id}/like,200,,Like Thread Group 1-10,text,true,,231,235,1,1,http://localhost:9002/community/post/69/like,1,0,0
1787375843649,1,PUT /community/post/{id}/like,200,,Like Thread Group 1-10,text,true,,231,235,1,1,http://localhost:9002/community/post/17/like,1,0,0
1787375843651,1,PUT /community/post/{id}/like,200,,Like Thread Group 1-10,text,true,,231,235,1,1,http://localhost:9002/community/post/85/like,1,0,0
1787375843652,2,PUT /community/post/{id}/like,200,,Like Thread Group 1-10,text,true,,231,235,1,1,http://localhost:9002/community/post/16/like,2,0,0
1787375843654,1,PUT /community/post/{id}/like,200,,Like Thread Group 1-10,text,true,,231,235,1,1,http://localhost:9002/community/post/83/like,1,0,0
1787375843655,2,PUT /community/post/{id}/like,200,,Like Thread Group 1-10,text,true,,231,235,1,1,http://localhost:9002/community/post/88/like,2,0,0
1787375843657,2,PUT /community/post/{id}/like,200,,Like Thread Group 1-10,text,true,,231,235,1,1,http://localhost:9002/community/post/78/like,2,0,0
1787375843659,2,PUT /community/post/{id}/like,200,,Like Thread Group 1-10,text,true,,231,235,1,1,http://localhost:9002/community/post/12/like,1,0,0
1787375843661,2,PUT /community/post/{id}/like,200,,Like Thread Group 1-10,text,true,,231,235,1,1,http://localhost:9002/community/post/24/like,1,0,0
1787375843663,2,PUT /community/post/{id}/like,200,,Like Thread Group 1-10,text,true,,231,235,1,1,http://localhost:9002/community/post/69/like,1,0,0
1787375843665,1,PUT /community/post/{id}/like,200,,Like Thread Group 1-10,text,true,,231,235,1,1,http://localhost:9002/community/post/85/like,1,0,0
1787375843667,1,PUT /community/post/{id}/like,200,,Like Thread Group 1-10,text,true,,231,235,1,1,http://localhost:9002/community/post/57/like,1,0,0
1787375843668,1,PUT /community/post/{id}/like,200,,Like Thread Group 1-10,text,true,,231,235,1,1,http://localhost:9002/community/post/82/like,1,0,0
1787375843669,1,PUT /community/post/{id}/like,200,,Like Thread Group 1-10,text,true,,231,235,1,1,http://localhost:9002/community/post/90/like,1,0,0
1787375843671,1,PUT /community/post/{id}/like,200,,Like Thread Group 1-10,text,true,,231,235,1,1,http://localhost:9002/community/post/41/like,1,0,0
1787375843673,2,PUT /community/post/{id}/like,200,,Like Thread Group 1-10,text,true,,231,235,1,1,http://localhost:9002/community/post/52/like,2,0,0
1787375843675,2,PUT /community/post/{id}/like,200,,Like Thread Group 1-10,text,true,,231,235,1,1,http://localhost:9002/community/post/83/like,1,0,0
1787375843677,1,PUT /community/post/{id}/like,200,,Like Thread Group 1-10,text,true,,231,235,1,1,http://localhost:9002/community/post/75/like,1,0,0
1787375843678,1,PUT /community/post/{id}/like,200,,Like Thread Group 1-10,text,true,,231,235,1,1,http://localhost:9002/community/post/42/like,1,0,0
1787375843679,2,PUT /community/post/{id}/like,200,,Like Thread Group 1-10,text,true,,231,235,1,1,http://localhost:9002/community/post/20/like,2,0,0
1787375843681,2,PUT /community/post/{id}/like,200,,Like Thread Group 1-10,text,true,,231,235,1,1,http://localhost:9002/community/post/86/like,2,0,0
1787375843683,2,PUT /community/post/{id}/like,200,,Like Thread Group 1-10,text,true,,231,235,1,1,http://localhost:9002/community/post/84/like,2,0,0
1787375843685,1,PUT /community/post/{id}/like,200,,Like Thread Group 1-10,text,true,,231,235,1,1,http://localhost:9002/community/post/39/like,1,0,0
1787375843686,1,PUT /community/post/{id}/like,200,,Like Thread Group 1-10,text,true,,231,235,1,1,http://localhost:9002/community/post/78/like,1,0,0
1787375843688,1,PUT /community/post/{id}/like,200,,Like Thread Group 1-10,text,true,,231,235,1,1,http://localhost:9002/community/post/58/like,1,0,0
1787375843689,2,PUT /community/post/{id}/like,200,,Like Thread Group 1-10,text,true,,231,235,1,1,http://localhost:9002/community/post/98/like,2,0,0
1787375843692,1,PUT /community/post/{id}/like,200,,Like Thread Group 1-10,text,true,,231,235,1,1,http://localhost:9002/community/post/49/like,1,0,0
1787375843694,2,PUT /community/post/{id}/like,200,,Like Thread Group 1-10,text,true,,231,235,1,1,http://localhost:9002/community/post/98/like,2,0,0
1787375843696,2,PUT /community/post/{id}/like,200,,Like Thread Group 1-10,text,true,,231,235,1,1,http://localhost:9002/community/post/50/like,2,0,0
1787375843698,2,PUT /community/post/{id}/like,200,,Like Thread Group 1-10,text,true,,231,235,1,1,http://localhost:9002/community/post/83/like,1,0,0
1787375843700,2,PUT /community/post/{id}/like,200,,Like Thread Group 1-10,text,true,,231,235,1,1,http://localhost:9002/community/post/18/like,2,0,0
1787375843702,3,PUT /community/post/{id}/like,200,,Like Thread Group 1-10,text,true,,231,235,1,1,http://localhost:9002/community/post/94/like,3,0,0
1787375843705,2,PUT /community/post/{id}/like,200,,Like Thread Group 1-10,text,true,,231,235,1,1,http://localhost:9002/community/post/71/like,2,0,0
1787375843707,1,PUT /community/post/{id}/like,200,,Like Thread Group 1-10,text,true,,231,235,1,1,http://localhost:9002/community/post/63/like,1,0,0
1787375844120,3,PUT /community/post/{id}/like,200,,Like Thread Group 1-11,text,true,,231,235,1,1,http://localhost:9002/community/post/79/like,3,0,1
1787375844123,2,PUT /community/post/{id}/like,200,,Like Thread Group 1-11,text,true,,231,235,1,1,http://localhost:9002/community/post/39/like,2,0,0
1787375844125,1,PUT /community/post/{id}/like,200,,Like Thread Group 1-11,text,true,,231,235,1,1,http://localhost:9002/community/post/25/like,1,0,0
1787375844126,2,PUT /community/post/{id}/like,200,,Like Thread Group 1-11,text,true,,231,235,1,1,http://localhost:9002/community/post/45/like,2,0,0
1787375844128,1,PUT /community/post/{id}/like,200,,Like Thread Group 1-11,text,true,,231,235,1,1,http://localhost:9002/community/post/95/like,1,0,0
1787375844129,1,PUT /community/post/{id}/like,200,,Like Thread Group 1-11,text,true,,231,235,1,1,http://localhost:9002/community/post/75/like,1,0,0
1787375844130,2,PUT /community/post/{id}/like,200,,Like Thread Group 1-11,text,true,,231,235,1,1,http://localhost:9002/community/post/11/like,2,0,0
1787375844132,2,PUT /community/post/{id}/like,200,,Like Thread Group 1-11,text,true,,231,235,1,1,http://localhost:9002/community/post/44/like,2,0,0
1787375844134,1,PUT /community/post/{id}/like,200,,Like Thread Group 1-11,text,true,,231,235,1,1,http://localhost:9002/community/post/28/like,1,0,0
1787375844136,1,PUT /community/post/{id}/like,200,,Like Thread Group 1-11,text,true,,231,234,1,1,http://localhost:9002/community/post/7/like,1,0,0
1787375844137,2,PUT /community/post/{id}/like,200,,Like Thread Group 1-11,text,true,,231,235,1,1,http://localhost:9002/community/post/14/like,2,0,0
1787375844139,2,PUT /community/post/{id}/like,200,,Like Thread Group 1-11,text,true,,231,235,1,1,http://localhost:9002/community/post/83/like,2,0,0
1787375844141,2,PUT /community/post/{id}/like,200,,Like Thread Group 1-11,text,true,,231,235,1,1,http://localhost:9002/community/post/28/like,2,0,0
1787375844143,1,PUT /community/post/{id}/like,200,,Like Thread Group 1-11,text,true,,231,235,1,1,http://localhost:9002/community/post/56/like,1,0,0
1787375844144,2,PUT /community/post/{id}/like,200,,Like Thread Group 1-11,text,true,,231,235,1,1,http://localhost:9002/community/post/37/like,1,0,0
1787375844146,1,PUT /community/post/{id}/like,200,,Like Thread Group 1-11,text,true,,231,235,1,1,http://localhost:9002/community/post/20/like,1,0,0
1787375844147,2,PUT /community/post/{id}/like,200,,Like Thread Group 1-11,text,true,,231,235,1,1,http://localhost:9002/community/post/87/like,2,0,0
1787375844149,2,PUT /community/post/{id}/like,200,,Like Thread Group 1-11,text,true,,231,235,1,1,http://localhost:9002/community/post/57/like,1,0,0
1787375844151,1,PUT /community/post/{id}/like,200,,Like Thread Group 1-11,text,true,,231,235,1,1,http://localhost:9002/community/post/31/like,1,0,0
1787375844152,2,PUT /community/post/{id}/like,200,,Like Thread Group 1-11,text,true,,231,234,1,1,http://localhost:9002/community/post/3/like,2,0,0
1787375844154,2,PUT /community/post/{id}/like,200,,Like Thread Group 1-11,text,true,,231,235,1,1,http://localhost:9002/community/post/54/like,2,0,0
1787375844156,1,PUT /community/post/{id}/like,200,,Like Thread Group 1-11,text,true,,231,235,1,1,http://localhost:9002/community/post/90/like,1,0,0
1787375844158,1,PUT /community/post/{id}/like,200,,Like Thread Group 1-11,text,true,,231,235,1,1,http://localhost:9002/community/post/97/like,1,0,0
1787375844159,2,PUT /community/post/{id}/like,200,,Like Thread Group 1-11,text,true,,231,235,1,1,http://localhost:9002/community/post/44/like,2,0,0
1787375844161,2,PUT /community/post/{id}/like,200,,Like Thread Group 1-11,text,true,,231,235,1,1,http://localhost:9002/community/post/41/like,2,0,0
1787375844163,2,PUT /community/post/{id}/like,200,,Like Thread Group 1-11,text,true,,231,235,1,1,http://localhost:9002/community/post/47/like,2,0,0
1787375844165,1,PUT /community/post/{id}/like,200,,Like Thread Group 1-11,text,true,,231,235,1,1,http://localhost:9002/community/post/88/like,1,0,0
1787375844166,2,PUT /community/post/{id}/like,200,,Like Thread Group 1-11,text,true,,231,235,1,1,http://localhost:9002/community/post/97/like,1,0,0
1787375844168,1,PUT /community/post/{id}/like,200,,Like Thread Group 1-11,text,true,,231,235,1,1,http://localhost:9002/community/post/83/like,1,0,0
1787375844169,1,PUT /community/post/{id}/like,200,,Like Thread Group 1-11,text,true,,231,235,1,1,http://localhost:9002/community/post/42/like,0,0,0
1787375844170,1,PUT /community/post/{id}/like,200,,Like Thread Group 1-11,text,true,,231,235,1,1,http://localhost:9002/community/post/77/like,1,0,0
1787375844171,2,PUT /community/post/{id}/like,200,,Like Thread Group 1-11,text,true,,231,234,1,1,http://localhost:9002/community/post/3/like,2,0,0
1787375844173,1,PUT /community/post/{id}/like,200,,Like Thread Group 1-11,text,true,,231,235,1,1,http://localhost:9002/community/post/28/like,1,0,0
1787375844174,2,PUT /community/post/{id}/like,200,,Like Thread Group 1-11,text,true,,231,235,1,1,http://localhost:9002/community/post/94/like,2,0,0
1787375844176,1,PUT /community/post/{id}/like,200,,Like Thread Group 1-11,text,true,,231,235,1,1,http://localhost:9002/community/post/28/like,1,0,0
1787375844178,1,PUT /community/post/{id}/like,200,,Like Thread Group 1-11,text,true,,231,235,1,1,http://localhost:9002/community/post/19/like,1,0,0
1787375844180,1,PUT /community/post/{id}/like,200,,Like Thread Group 1-11,text,true,,231,235,1,1,http://localhost:9002/community/post/98/like,1,0,0
1787375844181,2,PUT /community/post/{id}/like,200,,Like Thread Group 1-11,text,true,,231,235,1,1,http://localhost:9002/community/post/32/like,1,0,0
1787375844183,1,PUT /community/post/{id}/like,200,,Like Thread Group 1-11,text,true,,231,235,1,1,http://localhost:9002/community/post/58/like,1,0,0
1787375844184,1,PUT /community/post/{id}/like,200,,Like Thread Group 1-11,text,true,,231,235,1,1,http://localhost:9002/community/post/40/like,1,0,0
1787375844185,2,PUT /community/post/{id}/like,200,,Like Thread Group 1-11,text,true,,231,235,1,1,http://localhost:9002/community/post/72/like,2,0,0
1787375844188,1,PUT /community/post/{id}/like,200,,Like Thread Group 1-11,text,true,,231,235,1,1,http://localhost:9002/community/post/24/like,1,0,0
1787375844190,1,PUT /community/post/{id}/like,200,,Like Thread Group 1-11,text,true,,231,235,1,1,http://localhost:9002/community/post/35/like,1,0,0
1787375844192,1,PUT /community/post/{id}/like,200,,Like Thread Group 1-11,text,true,,231,235,1,1,http://localhost:9002/community/post/61/like,1,0,0
1787375844193,1,PUT /community/post/{id}/like,200,,Like Thread Group 1-11,text,true,,231,235,1,1,http://localhost:9002/community/post/31/like,1,0,0
1787375844194,2,PUT /community/post/{id}/like,200,,Like Thread Group 1-11,text,true,,231,235,1,1,http://localhost:9002/community/post/13/like,2,0,0
1787375844196,1,PUT /community/post/{id}/like,200,,Like Thread Group 1-11,text,true,,231,235,1,1,http://localhost:9002/community/post/27/like,1,0,0
1787375844197,2,PUT /community/post/{id}/like,200,,Like Thread Group 1-11,text,true,,231,234,1,1,http://localhost:9002/community/post/5/like,2,0,0
1787375844199,1,PUT /community/post/{id}/like,200,,Like Thread Group 1-11,text,true,,231,235,1,1,http://localhost:9002/community/post/40/like,1,0,0
1787375844201,1,PUT /community/post/{id}/like,200,,Like Thread Group 1-11,text,true,,231,235,1,1,http://localhost:9002/community/post/42/like,1,0,0
1787375844623,2,PUT /community/post/{id}/like,200,,Like Thread Group 1-12,text,true,,231,235,1,1,http://localhost:9002/community/post/21/like,2,0,0
1787375844626,2,PUT /community/post/{id}/like,200,,Like Thread Group 1-12,text,true,,231,235,1,1,http://localhost:9002/community/post/64/like,1,0,0
1787375844628,2,PUT /community/post/{id}/like,200,,Like Thread Group 1-12,text,true,,231,235,1,1,http://localhost:9002/community/post/29/like,2,0,0
1787375844630,2,PUT /community/post/{id}/like,200,,Like Thread Group 1-12,text,true,,231,235,1,1,http://localhost:9002/community/post/58/like,2,0,0
1787375844632,2,PUT /community/post/{id}/like,200,,Like Thread Group 1-12,text,true,,231,235,1,1,http://localhost:9002/community/post/97/like,2,0,0
1787375844634,2,PUT /community/post/{id}/like,200,,Like Thread Group 1-12,text,true,,231,235,1,1,http://localhost:9002/community/post/23/like,2,0,0
1787375844636,2,PUT /community/post/{id}/like,200,,Like Thread Group 1-12,text,true,,231,235,1,1,http://localhost:9002/community/post/61/like,2,0,0
1787375844638,2,PUT /community/post/{id}/like,200,,Like Thread Group 1-12,text,true,,231,235,1,1,http://localhost:9002/community/post/64/like,2,0,0
1787375844640,3,PUT /community/post/{id}/like,200,,Like Thread Group 1-12,text,true,,231,235,1,1,http://localhost:9002/community/post/19/like,2,0,0
1787375844643,2,PUT /community/post/{id}/like,200,,Like Thread Group 1-12,text,true,,231,235,1,1,http://localhost:9002/community/post/97/like,2,0,0
1787375844645,1,PUT /community/post/{id}/like,200,,Like Thread Group 1-12,text,true,,231,235,1,1,http://localhost:9002/community/post/13/like,1,0,0
1787375844646,2,PUT /community/post/{id}/like,200,,Like Thread Group 1-12,text,true,,231,235,1,1,http://localhost:9002/community/post/84/like,2,0,0
1787375844648,2,PUT /community/post/{id}/like,200,,Like Thread Group 1-12,text,true,,231,235,1,1,http://localhost:9002/community/post/30/like,2,0,0
1787375844650,1,PUT /community/post/{id}/like,200,,Like Thread Group 1-12,text,true,,231,235,1,1,http://localhost:9002/community/post/69/like,1,0,0
1787375844652,2,PUT /community/post/{id}/like,200,,Like Thread Group 1-12,text,true,,231,235,1,1,http://localhost:9002/community/post/27/like,2,0,0
1787375844654,2,PUT /community/post/{id}/like,200,,Like Thread Group 1-12,text,true,,231,235,1,1,http://localhost:9002/community/post/42/like,2,0,0
1787375844657,1,PUT /community/post/{id}/like,200,,Like Thread Group 1-12,text,true,,231,235,1,1,http://localhost:9002/community/post/38/like,1,0,0
1787375844658,2,PUT /community/post/{id}/like,200,,Like Thread Group 1-12,text,true,,231,234,1,1,http://localhost:9002/community/post/8/like,2,0,0
1787375844660,1,PUT /community/post/{id}/like,200,,Like Thread Group 1-12,text,true,,231,235,1,1,http://localhost:9002/community/post/53/like,1,0,0
1787375844661,2,PUT /community/post/{id}/like,200,,Like Thread Group 1-12,text,true,,231,235,1,1,http://localhost:9002/community/post/82/like,1,0,0
1787375844663,1,PUT /community/post/{id}/like,200,,Like Thread Group 1-12,text,true,,231,235,1,1,http://localhost:9002/community/post/56/like,1,0,0
1787375844664,2,PUT /community/post/{id}/like,200,,Like Thread Group 1-12,text,true,,231,235,1,1,http://localhost:9002/community/post/25/like,1,0,0
1787375844666,1,PUT /community/post/{id}/like,200,,Like Thread Group 1-12,text,true,,231,235,1,1,http://localhost:9002/community/post/14/like,1,0,0
1787375844667,2,PUT /community/post/{id}/like,200,,Like Thread Group 1-12,text,true,,231,235,1,1,http://localhost:9002/community/post/32/like,2,0,0
1787375844670,1,PUT /community/post/{id}/like,200,,Like Thread Group 1-12,text,true,,231,234,1,1,http://localhost:9002/community/post/6/like,1,0,0
1787375844671,2,PUT /community/post/{id}/like,200,,Like Thread Group 1-12,text,true,,231,235,1,1,http://localhost:9002/community/post/59/like,2,0,0
1787375844674,2,PUT /community/post/{id}/like,200,,Like Thread Group 1-12,text,true,,231,235,1,1,http://localhost:9002/community/post/13/like,1,0,0
1787375844676,2,PUT /community/post/{id}/like,200,,Like Thread Group 1-12,text,true,,231,235,1,1,http://localhost:9002/community/post/11/like,2,0,0
1787375844678,2,PUT /community/post/{id}/like,200,,Like Thread Group 1-12,text,true,,231,235,1,1,http://localhost:9002/community/post/80/like,2,0,0
1787375844680,2,PUT /community/post/{id}/like,200,,Like Thread Group 1-12,text,true,,231,235,1,1,http://localhost:9002/community/post/60/like,2,0,0
1787375844682,2,PUT /community/post/{id}/like,200,,Like Thread Group 1-12,text,true,,231,234,1,1,http://localhost:9002/community/post/7/like,2,0,0
1787375844684,2,PUT /community/post/{id}/like,200,,Like Thread Group 1-12,text,true,,231,234,1,1,http://localhost:9002/community/post/6/like,2,0,0
1787375844686,3,PUT /community/post/{id}/like,200,,Like Thread Group 1-12,text,true,,231,235,1,1,http://localhost:9002/community/post/44/like,3,0,0
1787375844689,2,PUT /community/post/{id}/like,200,,Like Thread Group 1-12,text,true,,231,235,1,1,http://localhost:9002/community/post/51/like,2,0,0
1787375844691,2,PUT /community/post/{id}/like,200,,Like Thread Group 1-12,text,true,,231,235,1,1,http://localhost:9002/community/post/98/like,2,0,0
1787375844693,2,PUT /community/post/{id}/like,200,,Like Thread Group 1-12,text,true,,231,234,1,1,http://localhost:9002/community/post/3/like,2,0,0
1787375844695,2,PUT /community/post/{id}/like,200,,Like Thread Group 1-12,text,true,,231,234,1,1,http://localhost:9002/community/post/9/like,2,0,0
1787375844697,1,PUT /community/post/{id}/like,200,,Like Thread Group 1-12,text,true,,231,235,1,1,http://localhost:9002/community/post/67/like,1,0,0
1787375844698,2,PUT /community/post/{id}/like,200,,Like Thread Group 1-12,text,true,,231,235,1,1,http://localhost:9002/community/post/54/like,2,0,0
1787375844700,1,PUT /community/post/{id}/like,200,,Like Thread Group 1-12,text,true,,231,235,1,1,http://localhost:9002/community/post/24/like,1,0,0
1787375844702,1,PUT /community/post/{id}/like,200,,Like Thread Group 1-12,text,true,,231,235,1,1,http://localhost:9002/community/post/22/like,1,0,0
1787375844703,2,PUT /community/post/{id}/like,200,,Like Thread Group 1-12,text,true,,231,235,1,1,http://localhost:9002/community/post/96/like,2,0,0
1787375844705,2,PUT /community/post/{id}/like,200,,Like Thread Group 1-12,text,true,,231,235,1,1,http://localhost:9002/community/post/92/like,2,0,0
1787375844707,2,PUT /community/post/{id}/like,200,,Like Thread Group 1-12,text,true,,231,235,1,1,http://localhost:9002/community/post/99/like,2,0,0
1787375844709,2,PUT /community/post/{id}/like,200,,Like Thread Group 1-12,text,true,,231,235,1,1,http://localhost:9002/community/post/95/like,2,0,0
1787375844711,1,PUT /community/post/{id}/like,200,,Like Thread Group 1-12,text,true,,231,235,1,1,http://localhost:9002/community/post/70/like,1,0,0
1787375844712,2,PUT /community/post/{id}/like,200,,Like Thread Group 1-12,text,true,,231,235,1,1,http://localhost:9002/community/post/97/like,2,0,0
1787375844714,1,PUT /community/post/{id}/like,200,,Like Thread Group 1-12,text,true,,231,235,1,1,http://localhost:9002/community/post/45/like,1,0,0
1787375844716,1,PUT /community/post/{id}/like,200,,Like Thread Group 1-12,text,true,,231,235,1,1,http://localhost:9002/community/post/50/like,1,0,0
1787375844717,2,PUT /community/post/{id}/like,200,,Like Thread Group 1-12,text,true,,231,235,1,1,http://localhost:9002/community/post/67/like,2,0,0
1787375845123,4,PUT /community/post/{id}/like,200,,Like Thread Group 1-13,text,true,,231,235,1,1,http://localhost:9002/community/post/24/like,4,0,1
1787375845127,2,PUT /community/post/{id}/like,200,,Like Thread Group 1-13,text,true,,231,235,1,1,http://localhost:9002/community/post/97/like,2,0,0
1787375845129,2,PUT /community/post/{id}/like,200,,Like Thread Group 1-13,text,true,,231,235,1,1,http://localhost:9002/community/post/95/like,1,0,0
1787375845131,1,PUT /community/post/{id}/like,200,,Like Thread Group 1-13,text,true,,231,235,1,1,http://localhost:9002/community/post/34/like,1,0,0
1787375845132,1,PUT /community/post/{id}/like,200,,Like Thread Group 1-13,text,true,,231,234,1,1,http://localhost:9002/community/post/9/like,1,0,0
1787375845133,1,PUT /community/post/{id}/like,200,,Like Thread Group 1-13,text,true,,231,235,1,1,http://localhost:9002/community/post/29/like,1,0,0
1787375845135,1,PUT /community/post/{id}/like,200,,Like Thread Group 1-13,text,true,,231,235,1,1,http://localhost:9002/community/post/64/like,1,0,0
1787375845136,1,PUT /community/post/{id}/like,200,,Like Thread Group 1-13,text,true,,231,235,1,1,http://localhost:9002/community/post/19/like,1,0,0
1787375845138,1,PUT /community/post/{id}/like,200,,Like Thread Group 1-13,text,true,,231,235,1,1,http://localhost:9002/community/post/87/like,1,0,0
1787375845139,2,PUT /community/post/{id}/like,200,,Like Thread Group 1-13,text,true,,231,235,1,1,http://localhost:9002/community/post/46/like,2,0,0
1787375845141,1,PUT /community/post/{id}/like,200,,Like Thread Group 1-13,text,true,,231,235,1,1,http://localhost:9002/community/post/59/like,1,0,0
1787375845142,2,PUT /community/post/{id}/like,200,,Like Thread Group 1-13,text,true,,231,235,1,1,http://localhost:9002/community/post/42/like,1,0,0
1787375845144,1,PUT /community/post/{id}/like,200,,Like Thread Group 1-13,text,true,,231,235,1,1,http://localhost:9002/community/post/89/like,1,0,0
1787375845145,1,PUT /community/post/{id}/like,200,,Like Thread Group 1-13,text,true,,231,234,1,1,http://localhost:9002/community/post/6/like,1,0,0
1787375845147,1,PUT /community/post/{id}/like,200,,Like Thread Group 1-13,text,true,,231,235,1,1,http://localhost:9002/community/post/60/like,1,0,0
1787375845148,2,PUT /community/post/{id}/like,200,,Like Thread Group 1-13,text,true,,231,235,1,1,http://localhost:9002/community/post/62/like,1,0,0
1787375845150,1,PUT /community/post/{id}/like,200,,Like Thread Group 1-13,text,true,,231,235,1,1,http://localhost:9002/community/post/61/like,1,0,0
1787375845151,1,PUT /community/post/{id}/like,200,,Like Thread Group 1-13,text,true,,231,235,1,1,http://localhost:9002/community/post/14/like,1,0,0
1787375845152,1,PUT /community/post/{id}/like,200,,Like Thread Group 1-13,text,true,,231,235,1,1,http://localhost:9002/community/post/46/like,1,0,0
1787375845154,1,PUT /community/post/{id}/like,200,,Like Thread Group 1-13,text,true,,231,235,1,1,http://localhost:9002/community/post/52/like,1,0,0
1787375845155,2,PUT /community/post/{id}/like,200,,Like Thread Group 1-13,text,true,,231,235,1,1,http://localhost:9002/community/post/50/like,1,0,0
1787375845157,1,PUT /community/post/{id}/like,200,,Like Thread Group 1-13,text,true,,231,235,1,1,http://localhost:9002/community/post/90/like,1,0,0
1787375845158,1,PUT /community/post/{id}/like,200,,Like Thread Group 1-13,text,true,,231,235,1,1,http://localhost:9002/community/post/33/like,1,0,0
1787375845159,1,PUT /community/post/{id}/like,200,,Like Thread Group 1-13,text,true,,231,235,1,1,http://localhost:9002/community/post/28/like,1,0,0
1787375845160,1,PUT /community/post/{id}/like,200,,Like Thread Group 1-13,text,true,,231,235,1,1,http://localhost:9002/community/post/25/like,1,0,0
1787375845161,1,PUT /community/post/{id}/like,200,,Like Thread Group 1-13,text,true,,231,235,1,1,http://localhost:9002/community/post/35/like,1,0,0
1787375845162,1,PUT /community/post/{id}/like,200,,Like Thread Group 1-13,text,true,,231,235,1,1,http://localhost:9002/community/post/28/like,1,0,0
1787375845163,1,PUT /community/post/{id}/like,200,,Like Thread Group 1-13,text,true,,231,235,1,1,http://localhost:9002/community/post/56/like,1,0,0
1787375845164,2,PUT /community/post/{id}/like,200,,Like Thread Group 1-13,text,true,,231,235,1,1,http://localhost:9002/community/post/46/like,2,0,0
1787375845166,2,PUT /community/post/{id}/like,200,,Like Thread Group 1-13,text,true,,231,235,1,1,http://localhost:9002/community/post/20/like,2,0,0
1787375845168,2,PUT /community/post/{id}/like,200,,Like Thread Group 1-13,text,true,,231,235,1,1,http://localhost:9002/community/post/21/like,2,0,0
1787375845170,2,PUT /community/post/{id}/like,200,,Like Thread Group 1-13,text,true,,231,235,1,1,http://localhost:9002/community/post/37/like,1,0,0
1787375845172,2,PUT /community/post/{id}/like,200,,Like Thread Group 1-13,text,true,,231,235,1,1,http://localhost:9002/community/post/35/like,2,0,0
1787375845174,2,PUT /community/post/{id}/like,200,,Like Thread Group 1-13,text,true,,231,235,1,1,http://localhost:9002/community/post/63/like,2,0,0
1787375845176,2,PUT /community/post/{id}/like,200,,Like Thread Group 1-13,text,true,,231,235,1,1,http://localhost:9002/community/post/49/like,2,0,0
1787375845178,1,PUT /community/post/{id}/like,200,,Like Thread Group 1-13,text,true,,231,235,1,1,http://localhost:9002/community/post/77/like,1,0,0
1787375845179,1,PUT /community/post/{id}/like,200,,Like Thread Group 1-13,text,true,,231,235,1,1,http://localhost:9002/community/post/31/like,1,0,0
1787375845180,1,PUT /community/post/{id}/like,200,,Like Thread Group 1-13,text,true,,231,235,1,1,http://localhost:9002/community/post/50/like,1,0,0
1787375845181,2,PUT /community/post/{id}/like,200,,Like Thread Group 1-13,text,true,,231,236,1,1,http://localhost:9002/community/post/100/like,2,0,0
1787375845183,1,PUT /community/post/{id}/like,200,,Like Thread Group 1-13,text,true,,231,235,1,1,http://localhost:9002/community/post/25/like,1,0,0
1787375845184,1,PUT /community/post/{id}/like,200,,Like Thread Group 1-13,text,true,,231,234,1,1,http://localhost:9002/community/post/5/like,1,0,0
1787375845185,1,PUT /community/post/{id}/like,200,,Like Thread Group 1-13,text,true,,231,235,1,1,http://localhost:9002/community/post/57/like,1,0,0
1787375845187,1,PUT /community/post/{id}/like,200,,Like Thread Group 1-13,text,true,,231,235,1,1,http://localhost:9002/community/post/71/like,1,0,0
1787375845188,1,PUT /community/post/{id}/like,200,,Like Thread Group 1-13,text,true,,231,235,1,1,http://localhost:9002/community/post/60/like,1,0,0
1787375845190,0,PUT /community/post/{id}/like,200,,Like Thread Group 1-13,text,true,,231,235,1,1,http://localhost:9002/community/post/46/like,0,0,0
1787375845191,1,PUT /community/post/{id}/like,200,,Like Thread Group 1-13,text,true,,231,234,1,1,http://localhost:9002/community/post/4/like,1,0,0
1787375845192,2,PUT /community/post/{id}/like,200,,Like Thread Group 1-13,text,true,,231,235,1,1,http://localhost:9002/community/post/82/like,2,0,0
1787375845195,1,PUT /community/post/{id}/like,200,,Like Thread Group 1-13,text,true,,231,235,1,1,http://localhost:9002/community/post/22/like,1,0,0
1787375845196,2,PUT /community/post/{id}/like,200,,Like Thread Group 1-13,text,true,,231,235,1,1,http://localhost:9002/community/post/95/like,2,0,0
1787375845198,2,PUT /community/post/{id}/like,200,,Like Thread Group 1-13,text,true,,231,234,1,1,http://localhost:9002/community/post/8/like,2,0,0
1787375845626,3,PUT /community/post/{id}/like,200,,Like Thread Group 1-14,text,true,,231,235,1,1,http://localhost:9002/community/post/11/like,3,0,1
1787375845629,1,PUT /community/post/{id}/like,200,,Like Thread Group 1-14,text,true,,231,235,1,1,http://localhost:9002/community/post/20/like,1,0,0
1787375845630,2,PUT /community/post/{id}/like,200,,Like Thread Group 1-14,text,true,,231,235,1,1,http://localhost:9002/community/post/39/like,2,0,0
1787375845632,1,PUT /community/post/{id}/like,200,,Like Thread Group 1-14,text,true,,231,235,1,1,http://localhost:9002/community/post/45/like,1,0,0
1787375845634,1,PUT /community/post/{id}/like,200,,Like Thread Group 1-14,text,true,,231,234,1,1,http://localhost:9002/community/post/4/like,1,0,0
1787375845636,1,PUT /community/post/{id}/like,200,,Like Thread Group 1-14,text,true,,231,235,1,1,http://localhost:9002/community/post/55/like,1,0,0
1787375845638,1,PUT /community/post/{id}/like,200,,Like Thread Group 1-14,text,true,,231,235,1,1,http://localhost:9002/community/post/76/like,1,0,0
1787375845640,1,PUT /community/post/{id}/like,200,,Like Thread Group 1-14,text,true,,231,235,1,1,http://localhost:9002/community/post/88/like,1,0,0
1787375845642,2,PUT /community/post/{id}/like,200,,Like Thread Group 1-14,text,true,,231,234,1,1,http://localhost:9002/community/post/2/like,2,0,0
1787375845644,2,PUT /community/post/{id}/like,200,,Like Thread Group 1-14,text,true,,231,235,1,1,http://localhost:9002/community/post/94/like,2,0,0
1787375845646,2,PUT /community/post/{id}/like,200,,Like Thread Group 1-14,text,true,,231,235,1,1,http://localhost:9002/community/post/81/like,2,0,0
1787375845648,1,PUT /community/post/{id}/like,200,,Like Thread Group 1-14,text,true,,231,235,1,1,http://localhost:9002/community/post/31/like,1,0,0
1787375845649,2,PUT /community/post/{id}/like,200,,Like Thread Group 1-14,text,true,,231,235,1,1,http://localhost:9002/community/post/75/like,2,0,0
1787375845652,1,PUT /community/post/{id}/like,200,,Like Thread Group 1-14,text,true,,231,235,1,1,http://localhost:9002/community/post/24/like,1,0,0
1787375845653,2,PUT /community/post/{id}/like,200,,Like Thread Group 1-14,text,true,,231,235,1,1,http://localhost:9002/community/post/70/like,2,0,0
1787375845655,2,PUT /community/post/{id}/like,200,,Like Thread Group 1-14,text,true,,231,235,1,1,http://localhost:9002/community/post/31/like,2,0,0
1787375845657,2,PUT /community/post/{id}/like,200,,Like Thread Group 1-14,text,true,,231,235,1,1,http://localhost:9002/community/post/72/like,2,0,0
1787375845659,2,PUT /community/post/{id}/like,200,,Like Thread Group 1-14,text,true,,231,235,1,1,http://localhost:9002/community/post/75/like,2,0,0
1787375845661,2,PUT /community/post/{id}/like,200,,Like Thread Group 1-14,text,true,,231,235,1,1,http://localhost:9002/community/post/95/like,2,0,0
1787375845663,2,PUT /community/post/{id}/like,200,,Like Thread Group 1-14,text,true,,231,235,1,1,http://localhost:9002/community/post/78/like,2,0,0
1787375845665,2,PUT /community/post/{id}/like,200,,Like Thread Group 1-14,text,true,,231,235,1,1,http://localhost:9002/community/post/68/like,2,0,0
1787375845667,2,PUT /community/post/{id}/like,200,,Like Thread Group 1-14,text,true,,231,235,1,1,http://localhost:9002/community/post/44/like,2,0,0
1787375845670,1,PUT /community/post/{id}/like,200,,Like Thread Group 1-14,text,true,,231,235,1,1,http://localhost:9002/community/post/84/like,1,0,0
1787375845671,2,PUT /community/post/{id}/like,200,,Like Thread Group 1-14,text,true,,231,235,1,1,http://localhost:9002/community/post/75/like,2,0,0
1787375845673,2,PUT /community/post/{id}/like,200,,Like Thread Group 1-14,text,true,,231,235,1,1,http://localhost:9002/community/post/79/like,2,0,0
1787375845676,1,PUT /community/post/{id}/like,200,,Like Thread Group 1-14,text,true,,231,235,1,1,http://localhost:9002/community/post/89/like,1,0,0
1787375845678,2,PUT /community/post/{id}/like,200,,Like Thread Group 1-14,text,true,,231,235,1,1,http://localhost:9002/community/post/41/like,1,0,0
1787375845680,1,PUT /community/post/{id}/like,200,,Like Thread Group 1-14,text,true,,231,235,1,1,http://localhost:9002/community/post/11/like,1,0,0
1787375845681,3,PUT /community/post/{id}/like,200,,Like Thread Group 1-14,text,true,,231,235,1,1,http://localhost:9002/community/post/74/like,3,0,0
1787375845684,1,PUT /community/post/{id}/like,200,,Like Thread Group 1-14,text,true,,231,235,1,1,http://localhost:9002/community/post/51/like,1,0,0
1787375845686,1,PUT /community/post/{id}/like,200,,Like Thread Group 1-14,text,true,,231,235,1,1,http://localhost:9002/community/post/46/like,1,0,0
1787375845687,2,PUT /community/post/{id}/like,200,,Like Thread Group 1-14,text,true,,231,234,1,1,http://localhost:9002/community/post/3/like,2,0,0
1787375845689,2,PUT /community/post/{id}/like,200,,Like Thread Group 1-14,text,true,,231,235,1,1,http://localhost:9002/community/post/62/like,2,0,0
1787375845691,1,PUT /community/post/{id}/like,200,,Like Thread Group 1-14,text,true,,231,235,1,1,http://localhost:9002/community/post/20/like,1,0,0
1787375845693,1,PUT /community/post/{id}/like,200,,Like Thread Group 1-14,text,true,,231,235,1,1,http://localhost:9002/community/post/94/like,1,0,0
1787375845694,2,PUT /community/post/{id}/like,200,,Like Thread Group 1-14,text,true,,231,235,1,1,http://localhost:9002/community/post/60/like,2,0,0
1787375845696,2,PUT /community/post/{id}/like,200,,Like Thread Group 1-14,text,true,,231,235,1,1,http://localhost:9002/community/post/92/like,2,0,0
1787375845699,2,PUT /community/post/{id}/like,200,,Like Thread Group 1-14,text,true,,231,235,1,1,http://localhost:9002/community/post/85/like,1,0,0
1787375845701,2,PUT /community/post/{id}/like,200,,Like Thread Group 1-14,text,true,,231,235,1,1,http://localhost:9002/community/post/88/like,2,0,0
1787375845703,2,PUT /community/post/{id}/like,200,,Like Thread Group 1-14,text,true,,231,235,1,1,http://localhost:9002/community/post/95/like,2,0,0
1787375845705,3,PUT /community/post/{id}/like,200,,Like Thread Group 1-14,text,true,,231,235,1,1,http://localhost:9002/community/post/11/like,3,0,0
1787375845708,2,PUT /community/post/{id}/like,200,,Like Thread Group 1-14,text,true,,231,235,1,1,http://localhost:9002/community/post/62/like,2,0,0
1787375845710,2,PUT /community/post/{id}/like,200,,Like Thread Group 1-14,text,true,,231,235,1,1,http://localhost:9002/community/post/53/like,2,0,0
1787375845712,2,PUT /community/post/{id}/like,200,,Like Thread Group 1-14,text,true,,231,235,1,1,http://localhost:9002/community/post/50/like,2,0,0
1787375845714,2,PUT /community/post/{id}/like,200,,Like Thread Group 1-14,text,true,,231,234,1,1,http://localhost:9002/community/post/6/like,2,0,0
1787375845716,2,PUT /community/post/{id}/like,200,,Like Thread Group 1-14,text,true,,231,235,1,1,http://localhost:9002/community/post/42/like,2,0,0
1787375845718,1,PUT /community/post/{id}/like,200,,Like Thread Group 1-14,text,true,,231,235,1,1,http://localhost:9002/community/post/47/like,1,0,0
1787375845720,1,PUT /community/post/{id}/like,200,,Like Thread Group 1-14,text,true,,231,235,1,1,http://localhost:9002/community/post/38/like,1,0,0
1787375845721,2,PUT /community/post/{id}/like,200,,Like Thread Group 1-14,text,true,,231,235,1,1,http://localhost:9002/community/post/95/like,2,0,0
1787375845723,2,PUT /community/post/{id}/like,200,,Like Thread Group 1-14,text,true,,231,235,1,1,http://localhost:9002/community/post/26/like,2,0,0
1787375846121,3,PUT /community/post/{id}/like,200,,Like Thread Group 1-15,text,true,,231,235,1,1,http://localhost:9002/community/post/64/like,3,0,1
1787375846124,1,PUT /community/post/{id}/like,200,,Like Thread Group 1-15,text,true,,231,235,1,1,http://localhost:9002/community/post/30/like,1,0,0
1787375846125,1,PUT /community/post/{id}/like,200,,Like Thread Group 1-15,text,true,,231,234,1,1,http://localhost:9002/community/post/2/like,1,0,0
1787375846127,1,PUT /community/post/{id}/like,200,,Like Thread Group 1-15,text,true,,231,235,1,1,http://localhost:9002/community/post/42/like,1,0,0
1787375846128,2,PUT /community/post/{id}/like,200,,Like Thread Group 1-15,text,true,,231,235,1,1,http://localhost:9002/community/post/72/like,2,0,0
1787375846130,1,PUT /community/post/{id}/like,200,,Like Thread Group 1-15,text,true,,231,235,1,1,http://localhost:9002/community/post/56/like,1,0,0
1787375846131,2,PUT /community/post/{id}/like,200,,Like Thread Group 1-15,text,true,,231,235,1,1,http://localhost:9002/community/post/73/like,2,0,0
1787375846133,1,PUT /community/post/{id}/like,200,,Like Thread Group 1-15,text,true,,231,235,1,1,http://localhost:9002/community/post/42/like,1,0,0
1787375846135,2,PUT /community/post/{id}/like,200,,Like Thread Group 1-15,text,true,,231,235,1,1,http://localhost:9002/community/post/80/like,2,0,0
1787375846137,2,PUT /community/post/{id}/like,200,,Like Thread Group 1-15,text,true,,231,235,1,1,http://localhost:9002/community/post/94/like,2,0,0
1787375846139,2,PUT /community/post/{id}/like,200,,Like Thread Group 1-15,text,true,,231,235,1,1,http://localhost:9002/community/post/75/like,2,0,0
1787375846141,2,PUT /community/post/{id}/like,200,,Like Thread Group 1-15,text,true,,231,235,1,1,http://localhost:9002/community/post/71/like,2,0,0
1787375846144,1,PUT /community/post/{id}/like,200,,Like Thread Group 1-15,text,true,,231,235,1,1,http://localhost:9002/community/post/19/like,1,0,0
1787375846146,1,PUT /community/post/{id}/like,200,,Like Thread Group 1-15,text,true,,231,235,1,1,http://localhost:9002/community/post/56/like,1,0,0
1787375846147,2,PUT /community/post/{id}/like,200,,Like Thread Group 1-15,text,true,,231,234,1,1,http://localhost:9002/community/post/5/like,2,0,0
1787375846149,1,PUT /community/post/{id}/like,200,,Like Thread Group 1-15,text,true,,231,235,1,1,http://localhost:9002/community/post/68/like,1,0,0
1787375846150,3,PUT /community/post/{id}/like,200,,Like Thread Group 1-15,text,true,,231,235,1,1,http://localhost:9002/community/post/98/like,3,0,0
1787375846154,3,PUT /community/post/{id}/like,200,,Like Thread Group 1-15,text,true,,231,234,1,1,http://localhost:9002/community/post/1/like,3,0,0
1787375846157,2,PUT /community/post/{id}/like,200,,Like Thread Group 1-15,text,true,,231,235,1,1,http://localhost:9002/community/post/79/like,2,0,0
1787375846159,2,PUT /community/post/{id}/like,200,,Like Thread Group 1-15,text,true,,231,235,1,1,http://localhost:9002/community/post/36/like,2,0,0
1787375846161,2,PUT /community/post/{id}/like,200,,Like Thread Group 1-15,text,true,,231,235,1,1,http://localhost:9002/community/post/91/like,2,0,0
1787375846164,2,PUT /community/post/{id}/like,200,,Like Thread Group 1-15,text,true,,231,235,1,1,http://localhost:9002/community/post/43/like,2,0,0
1787375846166,2,PUT /community/post/{id}/like,200,,Like Thread Group 1-15,text,true,,231,235,1,1,http://localhost:9002/community/post/19/like,2,0,0
1787375846168,4,PUT /community/post/{id}/like,200,,Like Thread Group 1-15,text,true,,231,235,1,1,http://localhost:9002/community/post/51/like,3,0,0
1787375846172,4,PUT /community/post/{id}/like,200,,Like Thread Group 1-15,text,true,,231,235,1,1,http://localhost:9002/community/post/87/like,4,0,0
1787375846176,2,PUT /community/post/{id}/like,200,,Like Thread Group 1-15,text,true,,231,235,1,1,http://localhost:9002/community/post/15/like,2,0,0
1787375846178,2,PUT /community/post/{id}/like,200,,Like Thread Group 1-15,text,true,,231,235,1,1,http://localhost:9002/community/post/65/like,2,0,0
1787375846181,2,PUT /community/post/{id}/like,200,,Like Thread Group 1-15,text,true,,231,235,1,1,http://localhost:9002/community/post/57/like,2,0,0
1787375846183,3,PUT /community/post/{id}/like,200,,Like Thread Group 1-15,text,true,,231,235,1,1,http://localhost:9002/community/post/31/like,2,0,0
1787375846186,2,PUT /community/post/{id}/like,200,,Like Thread Group 1-15,text,true,,231,235,1,1,http://localhost:9002/community/post/43/like,2,0,0
1787375846188,2,PUT /community/post/{id}/like,200,,Like Thread Group 1-15,text,true,,231,234,1,1,http://localhost:9002/community/post/8/like,1,0,0
1787375846190,1,PUT /community/post/{id}/like,200,,Like Thread Group 1-15,text,true,,231,235,1,1,http://localhost:9002/community/post/80/like,1,0,0
1787375846191,2,PUT /community/post/{id}/like,200,,Like Thread Group 1-15,text,true,,231,235,1,1,http://localhost:9002/community/post/13/like,1,0,0
1787375846193,1,PUT /community/post/{id}/like,200,,Like Thread Group 1-15,text,true,,231,234,1,1,http://localhost:9002/community/post/8/like,1,0,0
1787375846194,2,PUT /community/post/{id}/like,200,,Like Thread Group 1-15,text,true,,231,235,1,1,http://localhost:9002/community/post/77/like,2,0,0
1787375846197,1,PUT /community/post/{id}/like,200,,Like Thread Group 1-15,text,true,,231,235,1,1,http://localhost:9002/community/post/82/like,1,0,0
1787375846199,2,PUT /community/post/{id}/like,200,,Like Thread Group 1-15,text,true,,231,235,1,1,http://localhost:9002/community/post/31/like,2,0,0
1787375846201,2,PUT /community/post/{id}/like,200,,Like Thread Group 1-15,text,true,,231,235,1,1,http://localhost:9002/community/post/47/like,1,0,0
1787375846203,2,PUT /community/post/{id}/like,200,,Like Thread Group 1-15,text,true,,231,235,1,1,http://localhost:9002/community/post/15/like,2,0,0
1787375846205,1,PUT /community/post/{id}/like,200,,Like Thread Group 1-15,text,true,,231,235,1,1,http://localhost:9002/community/post/93/like,1,0,0
1787375846207,1,PUT /community/post/{id}/like,200,,Like Thread Group 1-15,text,true,,231,235,1,1,http://localhost:9002/community/post/16/like,1,0,0
1787375846208,2,PUT /community/post/{id}/like,200,,Like Thread Group 1-15,text,true,,231,235,1,1,http://localhost:9002/community/post/11/like,2,0,0
1787375846210,1,PUT /community/post/{id}/like,200,,Like Thread Group 1-15,text,true,,231,235,1,1,http://localhost:9002/community/post/65/like,1,0,0
1787375846211,2,PUT /community/post/{id}/like,200,,Like Thread Group 1-15,text,true,,231,235,1,1,http://localhost:9002/community/post/85/like,2,0,0
1787375846213,1,PUT /community/post/{id}/like,200,,Like Thread Group 1-15,text,true,,231,235,1,1,http://localhost:9002/community/post/90/like,1,0,0
1787375846214,2,PUT /community/post/{id}/like,200,,Like Thread Group 1-15,text,true,,231,235,1,1,http://localhost:9002/community/post/61/like,2,0,0
1787375846216,1,PUT /community/post/{id}/like,200,,Like Thread Group 1-15,text,true,,231,235,1,1,http://localhost:9002/community/post/93/like,1,0,0
1787375846217,2,PUT /community/post/{id}/like,200,,Like Thread Group 1-15,text,true,,231,235,1,1,http://localhost:9002/community/post/46/like,2,0,0
1787375846219,1,PUT /community/post/{id}/like,200,,Like Thread Group 1-15,text,true,,231,235,1,1,http://localhost:9002/community/post/97/like,1,0,0
1787375846220,1,PUT /community/post/{id}/like,200,,Like Thread Group 1-15,text,true,,231,235,1,1,http://localhost:9002/community/post/92/like,1,0,0
1787375846621,4,PUT /community/post/{id}/like,200,,Like Thread Group 1-16,text,true,,231,235,1,1,http://localhost:9002/community/post/22/like,4,0,1
1787375846625,2,PUT /community/post/{id}/like,200,,Like Thread Group 1-16,text,true,,231,235,1,1,http://localhost:9002/community/post/98/like,2,0,0
1787375846627,1,PUT /community/post/{id}/like,200,,Like Thread Group 1-16,text,true,,231,235,1,1,http://localhost:9002/community/post/42/like,1,0,0
1787375846629,1,PUT /community/post/{id}/like,200,,Like Thread Group 1-16,text,true,,231,235,1,1,http://localhost:9002/community/post/98/like,1,0,0
1787375846630,1,PUT /community/post/{id}/like,200,,Like Thread Group 1-16,text,true,,231,235,1,1,http://localhost:9002/community/post/48/like,1,0,0
1787375846631,2,PUT /community/post/{id}/like,200,,Like Thread Group 1-16,text,true,,231,235,1,1,http://localhost:9002/community/post/27/like,2,0,0
1787375846633,2,PUT /community/post/{id}/like,200,,Like Thread Group 1-16,text,true,,231,235,1,1,http://localhost:9002/community/post/28/like,2,0,0
1787375846635,1,PUT /community/post/{id}/like,200,,Like Thread Group 1-16,text,true,,231,235,1,1,http://localhost:9002/community/post/83/like,1,0,0
1787375846636,2,PUT /community/post/{id}/like,200,,Like Thread Group 1-16,text,true,,231,235,1,1,http://localhost:9002/community/post/40/like,2,0,0
1787375846638,1,PUT /community/post/{id}/like,200,,Like Thread Group 1-16,text,true,,231,235,1,1,http://localhost:9002/community/post/81/like,1,0,0
1787375846640,1,PUT /community/post/{id}/like,200,,Like Thread Group 1-16,text,true,,231,235,1,1,http://localhost:9002/community/post/87/like,1,0,0
1787375846641,2,PUT /community/post/{id}/like,200,,Like Thread Group 1-16,text,true,,231,235,1,1,http://localhost:9002/community/post/69/like,2,0,0
1787375846643,1,PUT /community/post/{id}/like,200,,Like Thread Group 1-16,text,true,,231,235,1,1,http://localhost:9002/community/post/62/like,1,0,0
1787375846645,1,PUT /community/post/{id}/like,200,,Like Thread Group 1-16,text,true,,231,235,1,1,http://localhost:9002/community/post/80/like,1,0,0
1787375846646,1,PUT /community/post/{id}/like,200,,Like Thread Group 1-16,text,true,,231,235,1,1,http://localhost:9002/community/post/84/like,1,0,0
1787375846648,1,PUT /community/post/{id}/like,200,,Like Thread Group 1-16,text,true,,231,235,1,1,http://localhost:9002/community/post/54/like,1,0,0
1787375846649,1,PUT /community/post/{id}/like,200,,Like Thread Group 1-16,text,true,,231,235,1,1,http://localhost:9002/community/post/60/like,1,0,0
1787375846650,2,PUT /community/post/{id}/like,200,,Like Thread Group 1-16,text,true,,231,235,1,1,http://localhost:9002/community/post/19/like,2,0,0
1787375846652,2,PUT /community/post/{id}/like,200,,Like Thread Group 1-16,text,true,,231,235,1,1,http://localhost:9002/community/post/95/like,2,0,0
1787375846654,2,PUT /community/post/{id}/like,200,,Like Thread Group 1-16,text,true,,231,235,1,1,http://localhost:9002/community/post/24/like,2,0,0
1787375846656,1,PUT /community/post/{id}/like,200,,Like Thread Group 1-16,text,true,,231,235,1,1,http://localhost:9002/community/post/68/like,1,0,0
1787375846657,2,PUT /community/post/{id}/like,200,,Like Thread Group 1-16,text,true,,231,235,1,1,http://localhost:9002/community/post/79/like,2,0,0
1787375846659,2,PUT /community/post/{id}/like,200,,Like Thread Group 1-16,text,true,,231,235,1,1,http://localhost:9002/community/post/20/like,2,0,0
1787375846661,2,PUT /community/post/{id}/like,200,,Like Thread Group 1-16,text,true,,231,235,1,1,http://localhost:9002/community/post/94/like,2,0,0
1787375846663,1,PUT /community/post/{id}/like,200,,Like Thread Group 1-16,text,true,,231,235,1,1,http://localhost:9002/community/post/86/like,1,0,0
1787375846665,1,PUT /community/post/{id}/like,200,,Like Thread Group 1-16,text,true,,231,235,1,1,http://localhost:9002/community/post/21/like,1,0,0
1787375846666,1,PUT /community/post/{id}/like,200,,Like Thread Group 1-16,text,true,,231,235,1,1,http://localhost:9002/community/post/62/like,1,0,0
1787375846667,2,PUT /community/post/{id}/like,200,,Like Thread Group 1-16,text,true,,231,235,1,1,http://localhost:9002/community/post/22/like,2,0,0
1787375846669,2,PUT /community/post/{id}/like,200,,Like Thread Group 1-16,text,true,,231,235,1,1,http://localhost:9002/community/post/76/like,1,0,0
1787375846671,1,PUT /community/post/{id}/like,200,,Like Thread Group 1-16,text,true,,231,235,1,1,http://localhost:9002/community/post/10/like,1,0,0
1787375846672,1,PUT /community/post/{id}/like,200,,Like Thread Group 1-16,text,true,,231,235,1,1,http://localhost:9002/community/post/65/like,1,0,0
1787375846673,2,PUT /community/post/{id}/like,200,,Like Thread Group 1-16,text,true,,231,235,1,1,http://localhost:9002/community/post/88/like,1,0,0
1787375846675,1,PUT /community/post/{id}/like,200,,Like Thread Group 1-16,text,true,,231,235,1,1,http://localhost:9002/community/post/58/like,1,0,0
1787375846676,2,PUT /community/post/{id}/like,200,,Like Thread Group 1-16,text,true,,231,235,1,1,http://localhost:9002/community/post/73/like,2,0,0
1787375846678,1,PUT /community/post/{id}/like,200,,Like Thread Group 1-16,text,true,,231,235,1,1,http://localhost:9002/community/post/80/like,1,0,0
1787375846679,2,PUT /community/post/{id}/like,200,,Like Thread Group 1-16,text,true,,231,235,1,1,http://localhost:9002/community/post/91/like,1,0,0
1787375846681,1,PUT /community/post/{id}/like,200,,Like Thread Group 1-16,text,true,,231,235,1,1,http://localhost:9002/community/post/23/like,1,0,0
1787375846682,1,PUT /community/post/{id}/like,200,,Like Thread Group 1-16,text,true,,231,235,1,1,http://localhost:9002/community/post/22/like,1,0,0
1787375846683,2,PUT /community/post/{id}/like,200,,Like Thread Group 1-16,text,true,,231,235,1,1,http://localhost:9002/community/post/42/like,2,0,0
1787375846685,2,PUT /community/post/{id}/like,200,,Like Thread Group 1-16,text,true,,231,235,1,1,http://localhost:9002/community/post/65/like,2,0,0
1787375846687,1,PUT /community/post/{id}/like,200,,Like Thread Group 1-16,text,true,,231,235,1,1,http://localhost:9002/community/post/62/like,1,0,0
1787375846689,1,PUT /community/post/{id}/like,200,,Like Thread Group 1-16,text,true,,231,234,1,1,http://localhost:9002/community/post/3/like,1,0,0
1787375846691,1,PUT /community/post/{id}/like,200,,Like Thread Group 1-16,text,true,,231,235,1,1,http://localhost:9002/community/post/17/like,1,0,0
1787375846692,2,PUT /community/post/{id}/like,200,,Like Thread Group 1-16,text,true,,231,235,1,1,http://localhost:9002/community/post/56/like,2,0,0
1787375846694,1,PUT /community/post/{id}/like,200,,Like Thread Group 1-16,text,true,,231,235,1,1,http://localhost:9002/community/post/61/like,1,0,0
1787375846696,1,PUT /community/post/{id}/like,200,,Like Thread Group 1-16,text,true,,231,235,1,1,http://localhost:9002/community/post/52/like,1,0,0
1787375846697,2,PUT /community/post/{id}/like,200,,Like Thread Group 1-16,text,true,,231,235,1,1,http://localhost:9002/community/post/86/like,2,0,0
1787375846699,2,PUT /community/post/{id}/like,200,,Like Thread Group 1-16,text,true,,231,235,1,1,http://localhost:9002/community/post/88/like,2,0,0
1787375846702,1,PUT /community/post/{id}/like,200,,Like Thread Group 1-16,text,true,,231,235,1,1,http://localhost:9002/community/post/19/like,1,0,0
1787375846703,2,PUT /community/post/{id}/like,200,,Like Thread Group 1-16,text,true,,231,235,1,1,http://localhost:9002/community/post/19/like,2,0,0
1787375847120,3,PUT /community/post/{id}/like,200,,Like Thread Group 1-17,text,true,,231,234,1,1,http://localhost:9002/community/post/4/like,3,0,1
1787375847124,2,PUT /community/post/{id}/like,200,,Like Thread Group 1-17,text,true,,231,235,1,1,http://localhost:9002/community/post/33/like,2,0,0
1787375847126,2,PUT /community/post/{id}/like,200,,Like Thread Group 1-17,text,true,,231,235,1,1,http://localhost:9002/community/post/48/like,2,0,0
1787375847128,2,PUT /community/post/{id}/like,200,,Like Thread Group 1-17,text,true,,231,235,1,1,http://localhost:9002/community/post/15/like,2,0,0
1787375847130,2,PUT /community/post/{id}/like,200,,Like Thread Group 1-17,text,true,,231,234,1,1,http://localhost:9002/community/post/2/like,2,0,0
1787375847132,2,PUT /community/post/{id}/like,200,,Like Thread Group 1-17,text,true,,231,234,1,1,http://localhost:9002/community/post/7/like,2,0,0
1787375847134,2,PUT /community/post/{id}/like,200,,Like Thread Group 1-17,text,true,,231,235,1,1,http://localhost:9002/community/post/60/like,2,0,0
1787375847136,2,PUT /community/post/{id}/like,200,,Like Thread Group 1-17,text,true,,231,235,1,1,http://localhost:9002/community/post/53/like,2,0,0
1787375847138,2,PUT /community/post/{id}/like,200,,Like Thread Group 1-17,text,true,,231,235,1,1,http://localhost:9002/community/post/70/like,2,0,0
1787375847141,1,PUT /community/post/{id}/like,200,,Like Thread Group 1-17,text,true,,231,235,1,1,http://localhost:9002/community/post/31/like,1,0,0
1787375847143,2,PUT /community/post/{id}/like,200,,Like Thread Group 1-17,text,true,,231,234,1,1,http://localhost:9002/community/post/6/like,2,0,0
1787375847145,1,PUT /community/post/{id}/like,200,,Like Thread Group 1-17,text,true,,231,235,1,1,http://localhost:9002/community/post/83/like,1,0,0
1787375847147,1,PUT /community/post/{id}/like,200,,Like Thread Group 1-17,text,true,,231,235,1,1,http://localhost:9002/community/post/39/like,1,0,0
1787375847149,1,PUT /community/post/{id}/like,200,,Like Thread Group 1-17,text,true,,231,235,1,1,http://localhost:9002/community/post/43/like,1,0,0
1787375847150,2,PUT /community/post/{id}/like,200,,Like Thread Group 1-17,text,true,,231,235,1,1,http://localhost:9002/community/post/28/like,2,0,0
1787375847152,2,PUT /community/post/{id}/like,200,,Like Thread Group 1-17,text,true,,231,235,1,1,http://localhost:9002/community/post/95/like,2,0,0
1787375847154,2,PUT /community/post/{id}/like,200,,Like Thread Group 1-17,text,true,,231,235,1,1,http://localhost:9002/community/post/28/like,2,0,0
1787375847156,2,PUT /community/post/{id}/like,200,,Like Thread Group 1-17,text,true,,231,235,1,1,http://localhost:9002/community/post/15/like,2,0,0
1787375847159,1,PUT /community/post/{id}/like,200,,Like Thread Group 1-17,text,true,,231,235,1,1,http://localhost:9002/community/post/68/like,1,0,0
1787375847160,2,PUT /community/post/{id}/like,200,,Like Thread Group 1-17,text,true,,231,235,1,1,http://localhost:9002/community/post/10/like,2,0,0
1787375847162,2,PUT /community/post/{id}/like,200,,Like Thread Group 1-17,text,true,,231,235,1,1,http://localhost:9002/community/post/40/like,2,0,0
1787375847164,2,PUT /community/post/{id}/like,200,,Like Thread Group 1-17,text,true,,231,234,1,1,http://localhost:9002/community/post/9/like,2,0,0
1787375847166,1,PUT /community/post/{id}/like,200,,Like Thread Group 1-17,text,true,,231,235,1,1,http://localhost:9002/community/post/68/like,1,0,0
1787375847168,1,PUT /community/post/{id}/like,200,,Like Thread Group 1-17,text,true,,231,235,1,1,http://localhost:9002/community/post/35/like,1,0,0
1787375847170,2,PUT /community/post/{id}/like,200,,Like Thread Group 1-17,text,true,,231,235,1,1,http://localhost:9002/community/post/79/like,2,0,0
1787375847173,2,PUT /community/post/{id}/like,200,,Like Thread Group 1-17,text,true,,231,235,1,1,http://localhost:9002/community/post/57/like,2,0,0
1787375847175,2,PUT /community/post/{id}/like,200,,Like Thread Group 1-17,text,true,,231,235,1,1,http://localhost:9002/community/post/60/like,2,0,0
1787375847177,2,PUT /community/post/{id}/like,200,,Like Thread Group 1-17,text,true,,231,235,1,1,http://localhost:9002/community/post/56/like,2,0,0
1787375847179,2,PUT /community/post/{id}/like,200,,Like Thread Group 1-17,text,true,,231,235,1,1,http://localhost:9002/community/post/77/like,2,0,0
1787375847181,3,PUT /community/post/{id}/like,200,,Like Thread Group 1-17,text,true,,231,235,1,1,http://localhost:9002/community/post/67/like,3,0,0
1787375847184,2,PUT /community/post/{id}/like,200,,Like Thread Group 1-17,text,true,,231,235,1,1,http://localhost:9002/community/post/75/like,2,0,0
1787375847186,2,PUT /community/post/{id}/like,200,,Like Thread Group 1-17,text,true,,231,235,1,1,http://localhost:9002/community/post/57/like,2,0,0
1787375847188,2,PUT /community/post/{id}/like,200,,Like Thread Group 1-17,text,true,,231,234,1,1,http://localhost:9002/community/post/1/like,2,0,0
1787375847191,2,PUT /community/post/{id}/like,200,,Like Thread Group 1-17,text,true,,231,235,1,1,http://localhost:9002/community/post/82/like,2,0,0
1787375847193,2,PUT /community/post/{id}/like,200,,Like Thread Group 1-17,text,true,,231,235,1,1,http://localhost:9002/community/post/81/like,2,0,0
1787375847195,2,PUT /community/post/{id}/like,200,,Like Thread Group 1-17,text,true,,231,235,1,1,http://localhost:9002/community/post/92/like,2,0,0
1787375847197,3,PUT /community/post/{id}/like,200,,Like Thread Group 1-17,text,true,,231,235,1,1,http://localhost:9002/community/post/83/like,3,0,0
1787375847200,3,PUT /community/post/{id}/like,200,,Like Thread Group 1-17,text,true,,231,235,1,1,http://localhost:9002/community/post/21/like,2,0,0
1787375847203,1,PUT /community/post/{id}/like,200,,Like Thread Group 1-17,text,true,,231,235,1,1,http://localhost:9002/community/post/82/like,1,0,0
1787375847205,2,PUT /community/post/{id}/like,200,,Like Thread Group 1-17,text,true,,231,235,1,1,http://localhost:9002/community/post/67/like,2,0,0
1787375847207,2,PUT /community/post/{id}/like,200,,Like Thread Group 1-17,text,true,,231,235,1,1,http://localhost:9002/community/post/24/like,2,0,0
1787375847209,2,PUT /community/post/{id}/like,200,,Like Thread Group 1-17,text,true,,231,235,1,1,http://localhost:9002/community/post/60/like,2,0,0
1787375847211,2,PUT /community/post/{id}/like,200,,Like Thread Group 1-17,text,true,,231,235,1,1,http://localhost:9002/community/post/85/like,2,0,0
1787375847213,2,PUT /community/post/{id}/like,200,,Like Thread Group 1-17,text,true,,231,235,1,1,http://localhost:9002/community/post/45/like,2,0,0
1787375847215,2,PUT /community/post/{id}/like,200,,Like Thread Group 1-17,text,true,,231,235,1,1,http://localhost:9002/community/post/96/like,2,0,0
1787375847217,2,PUT /community/post/{id}/like,200,,Like Thread Group 1-17,text,true,,231,235,1,1,http://localhost:9002/community/post/89/like,2,0,0
1787375847219,2,PUT /community/post/{id}/like,200,,Like Thread Group 1-17,text,true,,231,235,1,1,http://localhost:9002/community/post/44/like,2,0,0
1787375847221,2,PUT /community/post/{id}/like,200,,Like Thread Group 1-17,text,true,,231,235,1,1,http://localhost:9002/community/post/45/like,2,0,0
1787375847223,2,PUT /community/post/{id}/like,200,,Like Thread Group 1-17,text,true,,231,234,1,1,http://localhost:9002/community/post/5/like,2,0,0
1787375847225,2,PUT /community/post/{id}/like,200,,Like Thread Group 1-17,text,true,,231,235,1,1,http://localhost:9002/community/post/55/like,2,0,0
1787375847620,3,PUT /community/post/{id}/like,200,,Like Thread Group 1-18,text,true,,231,235,1,1,http://localhost:9002/community/post/66/like,3,0,1
1787375847623,2,PUT /community/post/{id}/like,200,,Like Thread Group 1-18,text,true,,231,235,1,1,http://localhost:9002/community/post/63/like,2,0,0
1787375847625,2,PUT /community/post/{id}/like,200,,Like Thread Group 1-18,text,true,,231,235,1,1,http://localhost:9002/community/post/62/like,2,0,0
1787375847627,2,PUT /community/post/{id}/like,200,,Like Thread Group 1-18,text,true,,231,235,1,1,http://localhost:9002/community/post/39/like,2,0,0
1787375847629,2,PUT /community/post/{id}/like,200,,Like Thread Group 1-18,text,true,,231,234,1,1,http://localhost:9002/community/post/2/like,2,0,0
1787375847631,2,PUT /community/post/{id}/like,200,,Like Thread Group 1-18,text,true,,231,235,1,1,http://localhost:9002/community/post/22/like,2,0,0
1787375847633,2,PUT /community/post/{id}/like,200,,Like Thread Group 1-18,text,true,,231,235,1,1,http://localhost:9002/community/post/37/like,2,0,0
1787375847636,1,PUT /community/post/{id}/like,200,,Like Thread Group 1-18,text,true,,231,235,1,1,http://localhost:9002/community/post/16/like,1,0,0
1787375847637,2,PUT /community/post/{id}/like,200,,Like Thread Group 1-18,text,true,,231,235,1,1,http://localhost:9002/community/post/21/like,2,0,0
1787375847639,2,PUT /community/post/{id}/like,200,,Like Thread Group 1-18,text,true,,231,235,1,1,http://localhost:9002/community/post/21/like,2,0,0
1787375847641,2,PUT /community/post/{id}/like,200,,Like Thread Group 1-18,text,true,,231,235,1,1,http://localhost:9002/community/post/82/like,1,0,0
1787375847643,1,PUT /community/post/{id}/like,200,,Like Thread Group 1-18,text,true,,231,235,1,1,http://localhost:9002/community/post/46/like,1,0,0
1787375847644,2,PUT /community/post/{id}/like,200,,Like Thread Group 1-18,text,true,,231,235,1,1,http://localhost:9002/community/post/63/like,2,0,0
1787375847646,2,PUT /community/post/{id}/like,200,,Like Thread Group 1-18,text,true,,231,235,1,1,http://localhost:9002/community/post/61/like,2,0,0
1787375847648,2,PUT /community/post/{id}/like,200,,Like Thread Group 1-18,text,true,,231,235,1,1,http://localhost:9002/community/post/18/like,2,0,0
1787375847650,1,PUT /community/post/{id}/like,200,,Like Thread Group 1-18,text,true,,231,235,1,1,http://localhost:9002/community/post/34/like,1,0,0
1787375847652,1,PUT /community/post/{id}/like,200,,Like Thread Group 1-18,text,true,,231,235,1,1,http://localhost:9002/community/post/86/like,1,0,0
1787375847653,2,PUT /community/post/{id}/like,200,,Like Thread Group 1-18,text,true,,231,235,1,1,http://localhost:9002/community/post/69/like,2,0,0
1787375847655,2,PUT /community/post/{id}/like,200,,Like Thread Group 1-18,text,true,,231,235,1,1,http://localhost:9002/community/post/48/like,1,0,0
1787375847657,1,PUT /community/post/{id}/like,200,,Like Thread Group 1-18,text,true,,231,235,1,1,http://localhost:9002/community/post/64/like,1,0,0
1787375847658,2,PUT /community/post/{id}/like,200,,Like Thread Group 1-18,text,true,,231,235,1,1,http://localhost:9002/community/post/22/like,2,0,0
1787375847661,1,PUT /community/post/{id}/like,200,,Like Thread Group 1-18,text,true,,231,235,1,1,http://localhost:9002/community/post/11/like,1,0,0
1787375847662,2,PUT /community/post/{id}/like,200,,Like Thread Group 1-18,text,true,,231,235,1,1,http://localhost:9002/community/post/88/like,2,0,0
1787375847664,2,PUT /community/post/{id}/like,200,,Like Thread Group 1-18,text,true,,231,235,1,1,http://localhost:9002/community/post/29/like,2,0,0
1787375847666,2,PUT /community/post/{id}/like,200,,Like Thread Group 1-18,text,true,,231,235,1,1,http://localhost:9002/community/post/51/like,2,0,0
1787375847668,2,PUT /community/post/{id}/like,200,,Like Thread Group 1-18,text,true,,231,235,1,1,http://localhost:9002/community/post/21/like,2,0,0
1787375847670,1,PUT /community/post/{id}/like,200,,Like Thread Group 1-18,text,true,,231,235,1,1,http://localhost:9002/community/post/72/like,1,0,0
1787375847671,1,PUT /community/post/{id}/like,200,,Like Thread Group 1-18,text,true,,231,235,1,1,http://localhost:9002/community/post/16/like,1,0,0
1787375847672,3,PUT /community/post/{id}/like,200,,Like Thread Group 1-18,text,true,,231,235,1,1,http://localhost:9002/community/post/72/like,2,0,0
1787375847675,1,PUT /community/post/{id}/like,200,,Like Thread Group 1-18,text,true,,231,235,1,1,http://localhost:9002/community/post/73/like,1,0,0
1787375847676,2,PUT /community/post/{id}/like,200,,Like Thread Group 1-18,text,true,,231,235,1,1,http://localhost:9002/community/post/70/like,2,0,0
1787375847678,2,PUT /community/post/{id}/like,200,,Like Thread Group 1-18,text,true,,231,235,1,1,http://localhost:9002/community/post/14/like,2,0,0
1787375847680,2,PUT /community/post/{id}/like,200,,Like Thread Group 1-18,text,true,,231,235,1,1,http://localhost:9002/community/post/76/like,1,0,0
1787375847682,2,PUT /community/post/{id}/like,200,,Like Thread Group 1-18,text,true,,231,235,1,1,http://localhost:9002/community/post/32/like,2,0,0
1787375847684,1,PUT /community/post/{id}/like,200,,Like Thread Group 1-18,text,true,,231,235,1,1,http://localhost:9002/community/post/22/like,1,0,0
1787375847685,2,PUT /community/post/{id}/like,200,,Like Thread Group 1-18,text,true,,231,235,1,1,http://localhost:9002/community/post/25/like,2,0,0
1787375847687,2,PUT /community/post/{id}/like,200,,Like Thread Group 1-18,text,true,,231,235,1,1,http://localhost:9002/community/post/34/like,2,0,0
1787375847689,2,PUT /community/post/{id}/like,200,,Like Thread Group 1-18,text,true,,231,235,1,1,http://localhost:9002/community/post/77/like,2,0,0
1787375847691,2,PUT /community/post/{id}/like,200,,Like Thread Group 1-18,text,true,,231,235,1,1,http://localhost:9002/community/post/65/like,2,0,0
1787375847693,2,PUT /community/post/{id}/like,200,,Like Thread Group 1-18,text,true,,231,235,1,1,http://localhost:9002/community/post/59/like,2,0,0
1787375847695,2,PUT /community/post/{id}/like,200,,Like Thread Group 1-18,text,true,,231,235,1,1,http://localhost:9002/community/post/65/like,2,0,0
1787375847697,2,PUT /community/post/{id}/like,200,,Like Thread Group 1-18,text,true,,231,235,1,1,http://localhost:9002/community/post/20/like,2,0,0
1787375847699,2,PUT /community/post/{id}/like,200,,Like Thread Group 1-18,text,true,,231,234,1,1,http://localhost:9002/community/post/4/like,2,0,0
1787375847701,2,PUT /community/post/{id}/like,200,,Like Thread Group 1-18,text,true,,231,235,1,1,http://localhost:9002/community/post/88/like,2,0,0
1787375847703,1,PUT /community/post/{id}/like,200,,Like Thread Group 1-18,text,true,,231,234,1,1,http://localhost:9002/community/post/6/like,1,0,0
1787375847705,1,PUT /community/post/{id}/like,200,,Like Thread Group 1-18,text,true,,231,235,1,1,http://localhost:9002/community/post/79/like,1,0,0
1787375847707,1,PUT /community/post/{id}/like,200,,Like Thread Group 1-18,text,true,,231,235,1,1,http://localhost:9002/community/post/61/like,1,0,0
1787375847709,2,PUT /community/post/{id}/like,200,,Like Thread Group 1-18,text,true,,231,235,1,1,http://localhost:9002/community/post/86/like,1,0,0
1787375847711,2,PUT /community/post/{id}/like,200,,Like Thread Group 1-18,text,true,,231,235,1,1,http://localhost:9002/community/post/67/like,2,0,0
1787375847714,2,PUT /community/post/{id}/like,200,,Like Thread Group 1-18,text,true,,231,235,1,1,http://localhost:9002/community/post/78/like,2,0,0
1787375848120,4,PUT /community/post/{id}/like,200,,Like Thread Group 1-19,text,true,,231,235,1,1,http://localhost:9002/community/post/70/like,4,0,1
1787375848124,1,PUT /community/post/{id}/like,200,,Like Thread Group 1-19,text,true,,231,235,1,1,http://localhost:9002/community/post/88/like,1,0,0
1787375848126,2,PUT /community/post/{id}/like,200,,Like Thread Group 1-19,text,true,,231,235,1,1,http://localhost:9002/community/post/36/like,2,0,0
1787375848128,4,PUT /community/post/{id}/like,200,,Like Thread Group 1-19,text,true,,231,235,1,1,http://localhost:9002/community/post/62/like,4,0,0
1787375848133,1,PUT /community/post/{id}/like,200,,Like Thread Group 1-19,text,true,,231,235,1,1,http://localhost:9002/community/post/28/like,1,0,0
1787375848134,2,PUT /community/post/{id}/like,200,,Like Thread Group 1-19,text,true,,231,235,1,1,http://localhost:9002/community/post/78/like,2,0,0
1787375848136,2,PUT /community/post/{id}/like,200,,Like Thread Group 1-19,text,true,,231,235,1,1,http://localhost:9002/community/post/23/like,2,0,0
1787375848138,1,PUT /community/post/{id}/like,200,,Like Thread Group 1-19,text,true,,231,235,1,1,http://localhost:9002/community/post/81/like,1,0,0
1787375848139,1,PUT /community/post/{id}/like,200,,Like Thread Group 1-19,text,true,,231,235,1,1,http://localhost:9002/community/post/51/like,1,0,0
1787375848141,2,PUT /community/post/{id}/like,200,,Like Thread Group 1-19,text,true,,231,235,1,1,http://localhost:9002/community/post/55/like,1,0,0
1787375848143,1,PUT /community/post/{id}/like,200,,Like Thread Group 1-19,text,true,,231,235,1,1,http://localhost:9002/community/post/60/like,1,0,0
1787375848144,2,PUT /community/post/{id}/like,200,,Like Thread Group 1-19,text,true,,231,235,1,1,http://localhost:9002/community/post/80/like,2,0,0
1787375848146,2,PUT /community/post/{id}/like,200,,Like Thread Group 1-19,text,true,,231,235,1,1,http://localhost:9002/community/post/77/like,2,0,0
1787375848148,2,PUT /community/post/{id}/like,200,,Like Thread Group 1-19,text,true,,231,234,1,1,http://localhost:9002/community/post/3/like,2,0,0
1787375848150,2,PUT /community/post/{id}/like,200,,Like Thread Group 1-19,text,true,,231,235,1,1,http://localhost:9002/community/post/24/like,2,0,0
1787375848152,2,PUT /community/post/{id}/like,200,,Like Thread Group 1-19,text,true,,231,235,1,1,http://localhost:9002/community/post/32/like,2,0,0
1787375848154,2,PUT /community/post/{id}/like,200,,Like Thread Group 1-19,text,true,,231,235,1,1,http://localhost:9002/community/post/63/like,2,0,0
1787375848156,2,PUT /community/post/{id}/like,200,,Like Thread Group 1-19,text,true,,231,235,1,1,http://localhost:9002/community/post/19/like,2,0,0
1787375848158,1,PUT /community/post/{id}/like,200,,Like Thread Group 1-19,text,true,,231,235,1,1,http://localhost:9002/community/post/36/like,1,0,0
1787375848159,2,PUT /community/post/{id}/like,200,,Like Thread Group 1-19,text,true,,231,235,1,1,http://localhost:9002/community/post/56/like,2,0,0
1787375848161,2,PUT /community/post/{id}/like,200,,Like Thread Group 1-19,text,true,,231,235,1,1,http://localhost:9002/community/post/23/like,2,0,0
1787375848163,1,PUT /community/post/{id}/like,200,,Like Thread Group 1-19,text,true,,231,235,1,1,http://localhost:9002/community/post/57/like,1,0,0
1787375848165,1,PUT /community/post/{id}/like,200,,Like Thread Group 1-19,text,true,,231,235,1,1,http://localhost:9002/community/post/18/like,1,0,0
1787375848166,1,PUT /community/post/{id}/like,200,,Like Thread Group 1-19,text,true,,231,235,1,1,http://localhost:9002/community/post/98/like,1,0,0
1787375848167,2,PUT /community/post/{id}/like,200,,Like Thread Group 1-19,text,true,,231,235,1,1,http://localhost:9002/community/post/15/like,2,0,0
1787375848169,2,PUT /community/post/{id}/like,200,,Like Thread Group 1-19,text,true,,231,235,1,1,http://localhost:9002/community/post/46/like,2,0,0
1787375848171,2,PUT /community/post/{id}/like,200,,Like Thread Group 1-19,text,true,,231,235,1,1,http://localhost:9002/community/post/32/like,2,0,0
1787375848173,2,PUT /community/post/{id}/like,200,,Like Thread Group 1-19,text,true,,231,235,1,1,http://localhost:9002/community/post/34/like,2,0,0
1787375848175,2,PUT /community/post/{id}/like,200,,Like Thread Group 1-19,text,true,,231,235,1,1,http://localhost:9002/community/post/88/like,2,0,0
1787375848177,2,PUT /community/post/{id}/like,200,,Like Thread Group 1-19,text,true,,231,234,1,1,http://localhost:9002/community/post/7/like,2,0,0
1787375848179,1,PUT /community/post/{id}/like,200,,Like Thread Group 1-19,text,true,,231,235,1,1,http://localhost:9002/community/post/89/like,1,0,0
1787375848180,2,PUT /community/post/{id}/like,200,,Like Thread Group 1-19,text,true,,231,235,1,1,http://localhost:9002/community/post/65/like,1,0,0
1787375848182,1,PUT /community/post/{id}/like,200,,Like Thread Group 1-19,text,true,,231,235,1,1,http://localhost:9002/community/post/40/like,1,0,0
1787375848183,1,PUT /community/post/{id}/like,200,,Like Thread Group 1-19,text,true,,231,235,1,1,http://localhost:9002/community/post/56/like,1,0,0
1787375848185,1,PUT /community/post/{id}/like,200,,Like Thread Group 1-19,text,true,,231,235,1,1,http://localhost:9002/community/post/46/like,1,0,0
1787375848186,1,PUT /community/post/{id}/like,200,,Like Thread Group 1-19,text,true,,231,235,1,1,http://localhost:9002/community/post/71/like,1,0,0
1787375848187,1,PUT /community/post/{id}/like,200,,Like Thread Group 1-19,text,true,,231,235,1,1,http://localhost:9002/community/post/37/like,1,0,0
1787375848189,1,PUT /community/post/{id}/like,200,,Like Thread Group 1-19,text,true,,231,234,1,1,http://localhost:9002/community/post/4/like,1,0,0
1787375848190,2,PUT /community/post/{id}/like,200,,Like Thread Group 1-19,text,true,,231,235,1,1,http://localhost:9002/community/post/16/like,2,0,0
1787375848192,2,PUT /community/post/{id}/like,200,,Like Thread Group 1-19,text,true,,231,235,1,1,http://localhost:9002/community/post/25/like,2,0,0
1787375848195,2,PUT /community/post/{id}/like,200,,Like Thread Group 1-19,text,true,,231,234,1,1,http://localhost:9002/community/post/5/like,2,0,0
1787375848197,2,PUT /community/post/{id}/like,200,,Like Thread Group 1-19,text,true,,231,234,1,1,http://localhost:9002/community/post/5/like,2,0,0
1787375848199,1,PUT /community/post/{id}/like,200,,Like Thread Group 1-19,text,true,,231,235,1,1,http://localhost:9002/community/post/73/like,1,0,0
1787375848201,1,PUT /community/post/{id}/like,200,,Like Thread Group 1-19,text,true,,231,235,1,1,http://localhost:9002/community/post/28/like,1,0,0
1787375848202,2,PUT /community/post/{id}/like,200,,Like Thread Group 1-19,text,true,,231,235,1,1,http://localhost:9002/community/post/67/like,2,0,0
1787375848204,2,PUT /community/post/{id}/like,200,,Like Thread Group 1-19,text,true,,231,235,1,1,http://localhost:9002/community/post/56/like,2,0,0
1787375848206,3,PUT /community/post/{id}/like,200,,Like Thread Group 1-19,text,true,,231,235,1,1,http://localhost:9002/community/post/18/like,3,0,0
1787375848209,2,PUT /community/post/{id}/like,200,,Like Thread Group 1-19,text,true,,231,235,1,1,http://localhost:9002/community/post/64/like,2,0,0
1787375848211,2,PUT /community/post/{id}/like,200,,Like Thread Group 1-19,text,true,,231,235,1,1,http://localhost:9002/community/post/24/like,2,0,0
1787375848213,2,PUT /community/post/{id}/like,200,,Like Thread Group 1-19,text,true,,231,234,1,1,http://localhost:9002/community/post/3/like,2,0,0
1787375848619,2,PUT /community/post/{id}/like,200,,Like Thread Group 1-20,text,true,,231,235,1,1,http://localhost:9002/community/post/50/like,2,0,1
1787375848622,2,PUT /community/post/{id}/like,200,,Like Thread Group 1-20,text,true,,231,235,1,1,http://localhost:9002/community/post/36/like,1,0,0
1787375848624,2,PUT /community/post/{id}/like,200,,Like Thread Group 1-20,text,true,,231,235,1,1,http://localhost:9002/community/post/61/like,2,0,0
1787375848626,3,PUT /community/post/{id}/like,200,,Like Thread Group 1-20,text,true,,231,235,1,1,http://localhost:9002/community/post/11/like,3,0,0
1787375848629,1,PUT /community/post/{id}/like,200,,Like Thread Group 1-20,text,true,,231,235,1,1,http://localhost:9002/community/post/18/like,1,0,0
1787375848631,1,PUT /community/post/{id}/like,200,,Like Thread Group 1-20,text,true,,231,235,1,1,http://localhost:9002/community/post/46/like,1,0,0
1787375848633,1,PUT /community/post/{id}/like,200,,Like Thread Group 1-20,text,true,,231,235,1,1,http://localhost:9002/community/post/79/like,1,0,0
1787375848634,2,PUT /community/post/{id}/like,200,,Like Thread Group 1-20,text,true,,231,235,1,1,http://localhost:9002/community/post/58/like,1,0,0
1787375848636,2,PUT /community/post/{id}/like,200,,Like Thread Group 1-20,text,true,,231,234,1,1,http://localhost:9002/community/post/2/like,2,0,0
1787375848638,2,PUT /community/post/{id}/like,200,,Like Thread Group 1-20,text,true,,231,235,1,1,http://localhost:9002/community/post/66/like,2,0,0
1787375848640,2,PUT /community/post/{id}/like,200,,Like Thread Group 1-20,text,true,,231,235,1,1,http://localhost:9002/community/post/60/like,2,0,0
1787375848642,1,PUT /community/post/{id}/like,200,,Like Thread Group 1-20,text,true,,231,235,1,1,http://localhost:9002/community/post/85/like,1,0,0
1787375848644,1,PUT /community/post/{id}/like,200,,Like Thread Group 1-20,text,true,,231,235,1,1,http://localhost:9002/community/post/12/like,1,0,0
1787375848645,2,PUT /community/post/{id}/like,200,,Like Thread Group 1-20,text,true,,231,235,1,1,http://localhost:9002/community/post/32/like,1,0,0
1787375848647,2,PUT /community/post/{id}/like,200,,Like Thread Group 1-20,text,true,,231,235,1,1,http://localhost:9002/community/post/10/like,2,0,0
1787375848649,1,PUT /community/post/{id}/like,200,,Like Thread Group 1-20,text,true,,231,235,1,1,http://localhost:9002/community/post/88/like,1,0,0
1787375848650,3,PUT /community/post/{id}/like,200,,Like Thread Group 1-20,text,true,,231,235,1,1,http://localhost:9002/community/post/51/like,3,0,0
1787375848653,1,PUT /community/post/{id}/like,200,,Like Thread Group 1-20,text,true,,231,235,1,1,http://localhost:9002/community/post/53/like,1,0,0
1787375848654,2,PUT /community/post/{id}/like,200,,Like Thread Group 1-20,text,true,,231,235,1,1,http://localhost:9002/community/post/30/like,2,0,0
1787375848656,2,PUT /community/post/{id}/like,200,,Like Thread Group 1-20,text,true,,231,235,1,1,http://localhost:9002/community/post/82/like,2,0,0
1787375848659,1,PUT /community/post/{id}/like,200,,Like Thread Group 1-20,text,true,,231,235,1,1,http://localhost:9002/community/post/48/like,1,0,0
1787375848660,2,PUT /community/post/{id}/like,200,,Like Thread Group 1-20,text,true,,231,235,1,1,http://localhost:9002/community/post/36/like,2,0,0
1787375848663,1,PUT /community/post/{id}/like,200,,Like Thread Group 1-20,text,true,,231,234,1,1,http://localhost:9002/community/post/5/like,1,0,0
1787375848664,2,PUT /community/post/{id}/like,200,,Like Thread Group 1-20,text,true,,231,235,1,1,http://localhost:9002/community/post/69/like,2,0,0
1787375848666,1,PUT /community/post/{id}/like,200,,Like Thread Group 1-20,text,true,,231,235,1,1,http://localhost:9002/community/post/43/like,1,0,0
1787375848667,2,PUT /community/post/{id}/like,200,,Like Thread Group 1-20,text,true,,231,234,1,1,http://localhost:9002/community/post/3/like,2,0,0
1787375848669,2,PUT /community/post/{id}/like,200,,Like Thread Group 1-20,text,true,,231,235,1,1,http://localhost:9002/community/post/35/like,2,0,0
1787375848671,2,PUT /community/post/{id}/like,200,,Like Thread Group 1-20,text,true,,231,235,1,1,http://localhost:9002/community/post/99/like,2,0,0
1787375848673,2,PUT /community/post/{id}/like,200,,Like Thread Group 1-20,text,true,,231,235,1,1,http://localhost:9002/community/post/51/like,2,0,0
1787375848675,2,PUT /community/post/{id}/like,200,,Like Thread Group 1-20,text,true,,231,235,1,1,http://localhost:9002/community/post/50/like,2,0,0
1787375848677,1,PUT /community/post/{id}/like,200,,Like Thread Group 1-20,text,true,,231,235,1,1,http://localhost:9002/community/post/13/like,1,0,0
1787375848678,1,PUT /community/post/{id}/like,200,,Like Thread Group 1-20,text,true,,231,235,1,1,http://localhost:9002/community/post/28/like,1,0,0
1787375848679,2,PUT /community/post/{id}/like,200,,Like Thread Group 1-20,text,true,,231,235,1,1,http://localhost:9002/community/post/84/like,2,0,0
1787375848681,2,PUT /community/post/{id}/like,200,,Like Thread Group 1-20,text,true,,231,235,1,1,http://localhost:9002/community/post/39/like,2,0,0
1787375848683,2,PUT /community/post/{id}/like,200,,Like Thread Group 1-20,text,true,,231,235,1,1,http://localhost:9002/community/post/49/like,2,0,0
1787375848686,2,PUT /community/post/{id}/like,200,,Like Thread Group 1-20,text,true,,231,235,1,1,http://localhost:9002/community/post/50/like,1,0,0
1787375848688,1,PUT /community/post/{id}/like,200,,Like Thread Group 1-20,text,true,,231,235,1,1,http://localhost:9002/community/post/85/like,1,0,0
1787375848690,1,PUT /community/post/{id}/like,200,,Like Thread Group 1-20,text,true,,231,235,1,1,http://localhost:9002/community/post/59/like,1,0,0
1787375848692,1,PUT /community/post/{id}/like,200,,Like Thread Group 1-20,text,true,,231,235,1,1,http://localhost:9002/community/post/45/like,1,0,0
1787375848694,2,PUT /community/post/{id}/like,200,,Like Thread Group 1-20,text,true,,231,235,1,1,http://localhost:9002/community/post/81/like,2,0,0
1787375848696,1,PUT /community/post/{id}/like,200,,Like Thread Group 1-20,text,true,,231,235,1,1,http://localhost:9002/community/post/54/like,1,0,0
1787375848697,2,PUT /community/post/{id}/like,200,,Like Thread Group 1-20,text,true,,231,235,1,1,http://localhost:9002/community/post/33/like,2,0,0
1787375848699,3,PUT /community/post/{id}/like,200,,Like Thread Group 1-20,text,true,,231,235,1,1,http://localhost:9002/community/post/51/like,3,0,0
1787375848702,2,PUT /community/post/{id}/like,200,,Like Thread Group 1-20,text,true,,231,235,1,1,http://localhost:9002/community/post/74/like,2,0,0
1787375848704,1,PUT /community/post/{id}/like,200,,Like Thread Group 1-20,text,true,,231,234,1,1,http://localhost:9002/community/post/6/like,1,0,0
1787375848705,2,PUT /community/post/{id}/like,200,,Like Thread Group 1-20,text,true,,231,235,1,1,http://localhost:9002/community/post/66/like,1,0,0
1787375848707,2,PUT /community/post/{id}/like,200,,Like Thread Group 1-20,text,true,,231,235,1,1,http://localhost:9002/community/post/78/like,2,0,0
1787375848709,1,PUT /community/post/{id}/like,200,,Like Thread Group 1-20,text,true,,231,235,1,1,http://localhost:9002/community/post/29/like,1,0,0
1787375848710,2,PUT /community/post/{id}/like,200,,Like Thread Group 1-20,text,true,,231,235,1,1,http://localhost:9002/community/post/84/like,2,0,0
1787375848712,1,PUT /community/post/{id}/like,200,,Like Thread Group 1-20,text,true,,231,235,1,1,http://localhost:9002/community/post/55/like,1,0,0
